_id,_infoText,_detailText,_masterReleaseLabelId
1110001,開服紀念招募,"開服紀念招募中登場的成員皆為 R 以上稀有度。<br>可使用300個愛心寶石進行1次招募。<br>可使用3,000個愛心寶石進行10次招募，並保證至少獲得1位SR以上成員。<br>每天僅可使用150個付費愛心寶石進行1次付費招募。<br><br>如果招募到已獲得的成員，將自動轉換為螢光棒。<br>*轉換後的螢光棒會直接加入道具，不會送至禮物箱。<br>*如果螢光棒已達持有上限，將會送至禮物箱。<br>*獲得的螢光棒數量會依成員稀有度而定。<br>- UR: 500<br>- SR: 50<br>- R: 20<br><br>此外，將依登場成員數獲得開服紀念招募 points。<br>獲得的招募點數可在交換所兌換成員、道具等。<br>招募 points that can be 獲得於開服紀念招募 can also be 獲得 at following 招募:<br>- 保證 UR！開服紀念招募<br><br>招募期間內未交換的招募點數，將在招募結束時自動轉換為技能筆記（中）。<br>*轉換後的技能筆記（中）會直接加入道具，不會送至禮物箱。<br>*如果技能筆記（中）已達持有上限，將會送至禮物箱。",223041501
1110002,保證 UR！開服紀念招募,"保證 UR！開服紀念招募 可以進行透過使用 3,000 付費愛心寶石與保證至少1位 成員的稀有度 UR.<br><br>如果招募到已獲得的成員，將自動轉換為螢光棒。<br>*轉換後的螢光棒會直接加入道具，不會送至禮物箱。<br>*如果螢光棒已達持有上限，將會送至禮物箱。<br>*獲得的螢光棒數量會依成員稀有度而定。<br>- UR: 500<br>- SR: 50<br>- R: 20<br><br>此外，將依登場成員數獲得開服紀念招募 points。<br>獲得的招募點數可在交換所兌換成員、道具等。<br>招募 points that can be 獲得於保證 UR！開服紀念招募 can also be 獲得 at following 招募:<br>- 開服紀念招募<br><br>招募期間內未交換的招募點數，將在招募結束時自動轉換為技能筆記（中）。<br>*轉換後的技能筆記（中）會直接加入道具，不會送至禮物箱。<br>*如果技能筆記（中）已達持有上限，將會送至禮物箱。",223041501
1110003,焦點招募: Harajuku Liella！After School ♡,"焦點招募: Harajuku Liella！After School ♡中登場的成員皆為 R 以上稀有度。<br>可使用300個愛心寶石進行1次招募。<br>可使用3,000個愛心寶石進行10次招募，並保證至少獲得1位SR以上成員。<br>每天僅可使用150個付費愛心寶石進行1次付費招募。<br><br>如果招募到已獲得的成員，將自動轉換為螢光棒。<br>*轉換後的螢光棒會直接加入道具，不會送至禮物箱。<br>*如果螢光棒已達持有上限，將會送至禮物箱。<br>*獲得的螢光棒數量會依成員稀有度而定。<br>- UR: 500<br>- SR: 50<br>- R: 20<br><br>此外，將依登場成員數獲得Harajuku Liella！After School ♡ 招募 points。<br>獲得的招募點數可在交換所兌換成員、道具等。<br><br>招募期間內未交換的招募點數，將在招募結束時自動轉換為技能筆記（中）。<br>*轉換後的技能筆記（中）會直接加入道具，不會送至禮物箱。<br>*如果技能筆記（中）已達持有上限，將會送至禮物箱。",223041901
1110004,普通招募,"普通招募中登場的成員皆為 R 以上稀有度。<br>可使用300個愛心寶石進行1次招募。<br>可使用3,000個愛心寶石進行10次招募，並保證至少獲得1位SR以上成員。<br>每天僅可使用150個付費愛心寶石進行1次付費招募。<br><br>如果招募到已獲得的成員，將自動轉換為螢光棒。<br>*轉換後的螢光棒會直接加入道具，不會送至禮物箱。<br>*如果螢光棒已達持有上限，將會送至禮物箱。<br>*獲得的螢光棒數量會依成員稀有度而定。<br>- UR: 500<br>- SR: 50<br>- R: 20<br><br>此外，將依登場成員數獲得招募 Points [普通]。<br>獲得的招募點數可在交換所兌換成員、道具等。<br><br>招募期間內未交換的招募點數，將在招募結束時自動轉換為技能筆記（中）。<br>*轉換後的技能筆記（中）會直接加入道具，不會送至禮物箱。<br>*如果技能筆記（中）已達持有上限，將會送至禮物箱。",223043001
1110005,普通招募,"普通招募中登場的成員皆為 R 以上稀有度。<br>可使用300個愛心寶石進行1次招募。<br>可使用3,000個愛心寶石進行10次招募，並保證至少獲得1位SR以上成員。<br>每天僅可使用150個付費愛心寶石進行1次付費招募。<br><br>如果招募到已獲得的成員，將自動轉換為螢光棒。<br>*轉換後的螢光棒會直接加入道具，不會送至禮物箱。<br>*如果螢光棒已達持有上限，將會送至禮物箱。<br>*獲得的螢光棒數量會依成員稀有度而定。<br>- UR: 500<br>- SR: 50<br>- R: 20<br><br>此外，將依登場成員數獲得招募 Points [普通]。<br>獲得的招募點數可在交換所兌換成員、道具等。<br><br>招募期間內未交換的招募點數，將在招募結束時自動轉換為技能筆記（中）。<br>*轉換後的技能筆記（中）會直接加入道具，不會送至禮物箱。<br>*如果技能筆記（中）已達持有上限，將會送至禮物箱。",223051501
1110006,普通招募,"普通招募中登場的成員皆為 R 以上稀有度。<br>可使用300個愛心寶石進行1次招募。<br>可使用3,000個愛心寶石進行10次招募，並保證至少獲得1位SR以上成員。<br>每天僅可使用150個付費愛心寶石進行1次付費招募。<br><br>如果招募到已獲得的成員，將自動轉換為螢光棒。<br>*轉換後的螢光棒會直接加入道具，不會送至禮物箱。<br>*如果螢光棒已達持有上限，將會送至禮物箱。<br>*獲得的螢光棒數量會依成員稀有度而定。<br>- UR: 500<br>- SR: 50<br>- R: 20<br><br>此外，將依登場成員數獲得招募 Points [普通]。<br>獲得的招募點數可在交換所兌換成員、道具等。<br><br>招募期間內未交換的招募點數，將在招募結束時自動轉換為技能筆記（中）。<br>*轉換後的技能筆記（中）會直接加入道具，不會送至禮物箱。<br>*如果技能筆記（中）已達持有上限，將會送至禮物箱。",223053101
1110007,普通招募,"普通招募中登場的成員皆為 R 以上稀有度。<br>可使用300個愛心寶石進行1次招募。<br>可使用3,000個愛心寶石進行10次招募，並保證至少獲得1位SR以上成員。<br>每天僅可使用150個付費愛心寶石進行1次付費招募。<br><br>如果招募到已獲得的成員，將自動轉換為螢光棒。<br>*轉換後的螢光棒會直接加入道具，不會送至禮物箱。<br>*如果螢光棒已達持有上限，將會送至禮物箱。<br>*獲得的螢光棒數量會依成員稀有度而定。<br>- UR: 500<br>- SR: 50<br>- R: 20<br><br>此外，將依登場成員數獲得招募 Points [普通]。<br>獲得的招募點數可在交換所兌換成員、道具等。<br><br>招募期間內未交換的招募點數，將在招募結束時自動轉換為技能筆記（中）。<br>*轉換後的技能筆記（中）會直接加入道具，不會送至禮物箱。<br>*如果技能筆記（中）已達持有上限，將會送至禮物箱。",223061501
1110008,普通招募,"普通招募中登場的成員皆為 R 以上稀有度。<br>可使用300個愛心寶石進行1次招募。<br>可使用3,000個愛心寶石進行10次招募，並保證至少獲得1位SR以上成員。<br>每天僅可使用150個付費愛心寶石進行1次付費招募。<br><br>如果招募到已獲得的成員，將自動轉換為螢光棒。<br>*轉換後的螢光棒會直接加入道具，不會送至禮物箱。<br>*如果螢光棒已達持有上限，將會送至禮物箱。<br>*獲得的螢光棒數量會依成員稀有度而定。<br>- UR: 500<br>- SR: 50<br>- R: 20<br><br>此外，將依登場成員數獲得招募 Points [普通]。<br>獲得的招募點數可在交換所兌換成員、道具等。<br><br>招募期間內未交換的招募點數，將在招募結束時自動轉換為技能筆記（中）。<br>*轉換後的技能筆記（中）會直接加入道具，不會送至禮物箱。<br>*如果技能筆記（中）已達持有上限，將會送至禮物箱。",223063001
1110009,普通招募,"普通招募中登場的成員皆為 R 以上稀有度。<br>可使用300個愛心寶石進行1次招募。<br>可使用3,000個愛心寶石進行10次招募，並保證至少獲得1位SR以上成員。<br>每天僅可使用150個付費愛心寶石進行1次付費招募。<br><br>如果招募到已獲得的成員，將自動轉換為螢光棒。<br>*轉換後的螢光棒會直接加入道具，不會送至禮物箱。<br>*如果螢光棒已達持有上限，將會送至禮物箱。<br>*獲得的螢光棒數量會依成員稀有度而定。<br>- UR: 500<br>- SR: 50<br>- R: 20<br><br>此外，將依登場成員數獲得招募 Points [普通]。<br>獲得的招募點數可在交換所兌換成員、道具等。<br><br>招募期間內未交換的招募點數，將在招募結束時自動轉換為技能筆記（中）。<br>*轉換後的技能筆記（中）會直接加入道具，不會送至禮物箱。<br>*如果技能筆記（中）已達持有上限，將會送至禮物箱。",223071502
1110010,普通招募,"普通招募中登場的成員皆為 R 以上稀有度。<br>可使用300個愛心寶石進行1次招募。<br>可使用3,000個愛心寶石進行10次招募，並保證至少獲得1位SR以上成員。<br>每天僅可使用150個付費愛心寶石進行1次付費招募。<br><br>如果招募到已獲得的成員，將自動轉換為螢光棒。<br>*轉換後的螢光棒會直接加入道具，不會送至禮物箱。<br>*如果螢光棒已達持有上限，將會送至禮物箱。<br>*獲得的螢光棒數量會依成員稀有度而定。<br>- UR: 500<br>- SR: 50<br>- R: 20<br><br>此外，將依登場成員數獲得招募 Points [普通]。<br>獲得的招募點數可在交換所兌換成員、道具等。<br><br>招募期間內未交換的招募點數，將在招募結束時自動轉換為技能筆記（中）。<br>*轉換後的技能筆記（中）會直接加入道具，不會送至禮物箱。<br>*如果技能筆記（中）已達持有上限，將會送至禮物箱。",223073101
1110011,普通招募,"普通招募中登場的成員皆為 R 以上稀有度。<br>可使用300個愛心寶石進行1次招募。<br>可使用3,000個愛心寶石進行10次招募，並保證至少獲得1位SR以上成員。<br>每天僅可使用150個付費愛心寶石進行1次付費招募。<br><br>如果招募到已獲得的成員，將自動轉換為螢光棒。<br>*轉換後的螢光棒會直接加入道具，不會送至禮物箱。<br>*如果螢光棒已達持有上限，將會送至禮物箱。<br>*獲得的螢光棒數量會依成員稀有度而定。<br>- UR: 500<br>- SR: 50<br>- R: 20<br><br>此外，將依登場成員數獲得招募 Points [普通]。<br>獲得的招募點數可在交換所兌換成員、道具等。<br><br>招募期間內未交換的招募點數，將在招募結束時自動轉換為技能筆記（中）。<br>*轉換後的技能筆記（中）會直接加入道具，不會送至禮物箱。<br>*如果技能筆記（中）已達持有上限，將會送至禮物箱。",223081501
1110012,普通招募,"普通招募中登場的成員皆為 R 以上稀有度。<br>可使用300個愛心寶石進行1次招募。<br>可使用3,000個愛心寶石進行10次招募，並保證至少獲得1位SR以上成員。<br>每天僅可使用150個付費愛心寶石進行1次付費招募。<br><br>如果招募到已獲得的成員，將自動轉換為螢光棒。<br>*轉換後的螢光棒會直接加入道具，不會送至禮物箱。<br>*如果螢光棒已達持有上限，將會送至禮物箱。<br>*獲得的螢光棒數量會依成員稀有度而定。<br>- UR: 500<br>- SR: 50<br>- R: 20<br><br>此外，將依登場成員數獲得招募 Points [普通]。<br>獲得的招募點數可在交換所兌換成員、道具等。<br><br>招募期間內未交換的招募點數，將在招募結束時自動轉換為技能筆記（中）。<br>*轉換後的技能筆記（中）會直接加入道具，不會送至禮物箱。<br>*如果技能筆記（中）已達持有上限，將會送至禮物箱。",223083107
1110013,普通招募,"普通招募中登場的成員皆為 R 以上稀有度。<br>可使用300個愛心寶石進行1次招募。<br>可使用3,000個愛心寶石進行10次招募，並保證至少獲得1位SR以上成員。<br>每天僅可使用150個付費愛心寶石進行1次付費招募。<br><br>如果招募到已獲得的成員，將自動轉換為螢光棒。<br>*轉換後的螢光棒會直接加入道具，不會送至禮物箱。<br>*如果螢光棒已達持有上限，將會送至禮物箱。<br>*獲得的螢光棒數量會依成員稀有度而定。<br>- UR: 500<br>- SR: 50<br>- R: 20<br><br>此外，將依登場成員數獲得招募 Points [普通]。<br>獲得的招募點數可在交換所兌換成員、道具等。<br><br>招募期間內未交換的招募點數，將在招募結束時自動轉換為技能筆記（中）。<br>*轉換後的技能筆記（中）會直接加入道具，不會送至禮物箱。<br>*如果技能筆記（中）已達持有上限，將會送至禮物箱。",223091501
1110014,普通招募,"普通招募中登場的成員皆為 R 以上稀有度。<br>可使用300個愛心寶石進行1次招募。<br>可使用3,000個愛心寶石進行10次招募，並保證至少獲得1位SR以上成員。<br>每天僅可使用150個付費愛心寶石進行1次付費招募。<br><br>如果招募到已獲得的成員，將自動轉換為螢光棒。<br>*轉換後的螢光棒會直接加入道具，不會送至禮物箱。<br>*如果螢光棒已達持有上限，將會送至禮物箱。<br>*獲得的螢光棒數量會依成員稀有度而定。<br>- UR: 500<br>- SR: 50<br>- R: 20<br><br>此外，將依登場成員數獲得招募 Points [普通]。<br>獲得的招募點數可在交換所兌換成員、道具等。<br><br>招募期間內未交換的招募點數，將在招募結束時自動轉換為技能筆記（中）。<br>*轉換後的技能筆記（中）會直接加入道具，不會送至禮物箱。<br>*如果技能筆記（中）已達持有上限，將會送至禮物箱。",223093001
1110015,普通招募,"普通招募中登場的成員皆為 R 以上稀有度。<br>可使用300個愛心寶石進行1次招募。<br>可使用3,000個愛心寶石進行10次招募，並保證至少獲得1位SR以上成員。<br>每天僅可使用150個付費愛心寶石進行1次付費招募。<br><br>如果招募到已獲得的成員，將自動轉換為螢光棒。<br>*轉換後的螢光棒會直接加入道具，不會送至禮物箱。<br>*如果螢光棒已達持有上限，將會送至禮物箱。<br>*獲得的螢光棒數量會依成員稀有度而定。<br>- UR: 500<br>- SR: 50<br>- R: 20<br><br>此外，將依登場成員數獲得招募 Points [普通]。<br>獲得的招募點數可在交換所兌換成員、道具等。<br><br>招募期間內未交換的招募點數，將在招募結束時自動轉換為技能筆記（中）。<br>*轉換後的技能筆記（中）會直接加入道具，不會送至禮物箱。<br>*如果技能筆記（中）已達持有上限，將會送至禮物箱。",223101505
1110016,普通招募,"普通招募中登場的成員皆為 R 以上稀有度。<br>可使用300個愛心寶石進行1次招募。<br>可使用3,000個愛心寶石進行10次招募，並保證至少獲得1位SR以上成員。<br>每天僅可使用150個付費愛心寶石進行1次付費招募。<br><br>如果招募到已獲得的成員，將自動轉換為螢光棒。<br>*轉換後的螢光棒會直接加入道具，不會送至禮物箱。<br>*如果螢光棒已達持有上限，將會送至禮物箱。<br>*獲得的螢光棒數量會依成員稀有度而定。<br>- UR: 500<br>- SR: 50<br>- R: 20<br><br>此外，將依登場成員數獲得招募 Points [普通]。<br>獲得的招募點數可在交換所兌換成員、道具等。<br><br>招募期間內未交換的招募點數，將在招募結束時自動轉換為技能筆記（中）。<br>*轉換後的技能筆記（中）會直接加入道具，不會送至禮物箱。<br>*如果技能筆記（中）已達持有上限，將會送至禮物箱。",223103107
1110017,普通招募,"普通招募中登場的成員皆為 R 以上稀有度。<br>可使用300個愛心寶石進行1次招募。<br>可使用3,000個愛心寶石進行10次招募，並保證至少獲得1位SR以上成員。<br>每天僅可使用150個付費愛心寶石進行1次付費招募。<br><br>如果招募到已獲得的成員，將自動轉換為螢光棒。<br>*轉換後的螢光棒會直接加入道具，不會送至禮物箱。<br>*如果螢光棒已達持有上限，將會送至禮物箱。<br>*獲得的螢光棒數量會依成員稀有度而定。<br>- UR: 500<br>- SR: 50<br>- R: 20<br><br>此外，將依登場成員數獲得招募 Points [普通]。<br>獲得的招募點數可在交換所兌換成員、道具等。<br><br>招募期間內未交換的招募點數，將在招募結束時自動轉換為技能筆記（中）。<br>*轉換後的技能筆記（中）會直接加入道具，不會送至禮物箱。<br>*如果技能筆記（中）已達持有上限，將會送至禮物箱。",223111501
1110018,普通招募,"普通招募中登場的成員皆為 R 以上稀有度。<br>可使用300個愛心寶石進行1次招募。<br>可使用3,000個愛心寶石進行10次招募，並保證至少獲得1位SR以上成員。<br>每天僅可使用150個付費愛心寶石進行1次付費招募。<br><br>如果招募到已獲得的成員，將自動轉換為螢光棒。<br>*轉換後的螢光棒會直接加入道具，不會送至禮物箱。<br>*如果螢光棒已達持有上限，將會送至禮物箱。<br>*獲得的螢光棒數量會依成員稀有度而定。<br>- UR: 500<br>- SR: 50<br>- R: 20<br><br>此外，將依登場成員數獲得招募 Points [普通]。<br>獲得的招募點數可在交換所兌換成員、道具等。<br><br>招募期間內未交換的招募點數，將在招募結束時自動轉換為技能筆記（中）。<br>*轉換後的技能筆記（中）會直接加入道具，不會送至禮物箱。<br>*如果技能筆記（中）已達持有上限，將會送至禮物箱。",223113008
1110019,普通招募,"普通招募中登場的成員皆為 R 以上稀有度。<br>可使用300個愛心寶石進行1次招募。<br>可使用3,000個愛心寶石進行10次招募，並保證至少獲得1位SR以上成員。<br>每天僅可使用150個付費愛心寶石進行1次付費招募。<br><br>如果招募到已獲得的成員，將自動轉換為螢光棒。<br>*轉換後的螢光棒會直接加入道具，不會送至禮物箱。<br>*如果螢光棒已達持有上限，將會送至禮物箱。<br>*獲得的螢光棒數量會依成員稀有度而定。<br>- UR: 500<br>- SR: 50<br>- R: 20<br><br>此外，將依登場成員數獲得招募 Points [普通]。<br>獲得的招募點數可在交換所兌換成員、道具等。<br><br>招募期間內未交換的招募點數，將在招募結束時自動轉換為技能筆記（中）。<br>*轉換後的技能筆記（中）會直接加入道具，不會送至禮物箱。<br>*如果技能筆記（中）已達持有上限，將會送至禮物箱。",223121513
1110020,普通招募,"普通招募中登場的成員皆為 R 以上稀有度。<br>可使用300個愛心寶石進行1次招募。<br>可使用3,000個愛心寶石進行10次招募，並保證至少獲得1位SR以上成員。<br>每天僅可使用150個付費愛心寶石進行1次付費招募。<br><br>如果招募到已獲得的成員，將自動轉換為螢光棒。<br>*轉換後的螢光棒會直接加入道具，不會送至禮物箱。<br>*如果螢光棒已達持有上限，將會送至禮物箱。<br>*獲得的螢光棒數量會依成員稀有度而定。<br>- UR: 500<br>- SR: 50<br>- R: 20<br><br>此外，將依登場成員數獲得招募 Points [普通]。<br>獲得的招募點數可在交換所兌換成員、道具等。<br><br>招募期間內未交換的招募點數，將在招募結束時自動轉換為技能筆記（中）。<br>*轉換後的技能筆記（中）會直接加入道具，不會送至禮物箱。<br>*如果技能筆記（中）已達持有上限，將會送至禮物箱。",223123107
1110021,普通招募,"普通招募中登場的成員皆為 R 以上稀有度。<br>可使用300個愛心寶石進行1次招募。<br>可使用3,000個愛心寶石進行10次招募，並保證至少獲得1位SR以上成員。<br>每天僅可使用150個付費愛心寶石進行1次付費招募。<br><br>如果招募到已獲得的成員，將自動轉換為螢光棒。<br>*轉換後的螢光棒會直接加入道具，不會送至禮物箱。<br>*如果螢光棒已達持有上限，將會送至禮物箱。<br>*獲得的螢光棒數量會依成員稀有度而定。<br>- UR: 500<br>- SR: 50<br>- R: 20<br><br>此外，將依登場成員數獲得招募 Points [普通]。<br>獲得的招募點數可在交換所兌換成員、道具等。<br><br>招募期間內未交換的招募點數，將在招募結束時自動轉換為技能筆記（中）。<br>*轉換後的技能筆記（中）會直接加入道具，不會送至禮物箱。<br>*如果技能筆記（中）已達持有上限，將會送至禮物箱。",224011508
1110022,普通招募,"普通招募中登場的成員皆為 R 以上稀有度。<br>可使用300個愛心寶石進行1次招募。<br>可使用3,000個愛心寶石進行10次招募，並保證至少獲得1位SR以上成員。<br>每天僅可使用150個付費愛心寶石進行1次付費招募。<br><br>如果招募到已獲得的成員，將自動轉換為螢光棒。<br>*轉換後的螢光棒會直接加入道具，不會送至禮物箱。<br>*如果螢光棒已達持有上限，將會送至禮物箱。<br>*獲得的螢光棒數量會依成員稀有度而定。<br>- UR: 500<br>- SR: 50<br>- R: 20<br><br>此外，將依登場成員數獲得招募 Points [普通]。<br>獲得的招募點數可在交換所兌換成員、道具等。<br><br>招募期間內未交換的招募點數，將在招募結束時自動轉換為技能筆記（中）。<br>*轉換後的技能筆記（中）會直接加入道具，不會送至禮物箱。<br>*如果技能筆記（中）已達持有上限，將會送至禮物箱。",224013108
1110023,普通招募,"普通招募中登場的成員皆為 R 以上稀有度。<br>可使用300個愛心寶石進行1次招募。<br>可使用3,000個愛心寶石進行10次招募，並保證至少獲得1位SR以上成員。<br>每天僅可使用150個付費愛心寶石進行1次付費招募。<br><br>如果招募到已獲得的成員，將自動轉換為螢光棒。<br>*轉換後的螢光棒會直接加入道具，不會送至禮物箱。<br>*如果螢光棒已達持有上限，將會送至禮物箱。<br>*獲得的螢光棒數量會依成員稀有度而定。<br>- UR: 500<br>- SR: 50<br>- R: 20<br><br>此外，將依登場成員數獲得招募 Points [普通]。<br>獲得的招募點數可在交換所兌換成員、道具等。<br><br>招募期間內未交換的招募點數，將在招募結束時自動轉換為技能筆記（中）。<br>*轉換後的技能筆記（中）會直接加入道具，不會送至禮物箱。<br>*如果技能筆記（中）已達持有上限，將會送至禮物箱。",224021409
1110024,普通招募,"普通招募中登場的成員皆為 R 以上稀有度。<br>可使用300個愛心寶石進行1次招募。<br>可使用3,000個愛心寶石進行10次招募，並保證至少獲得1位SR以上成員。<br>每天僅可使用150個付費愛心寶石進行1次付費招募。<br><br>如果招募到已獲得的成員，將自動轉換為螢光棒。<br>*轉換後的螢光棒會直接加入道具，不會送至禮物箱。<br>*如果螢光棒已達持有上限，將會送至禮物箱。<br>*獲得的螢光棒數量會依成員稀有度而定。<br>- UR: 500<br>- SR: 50<br>- R: 20<br><br>此外，將依登場成員數獲得招募 Points [普通]。<br>獲得的招募點數可在交換所兌換成員、道具等。<br><br>招募期間內未交換的招募點數，將在招募結束時自動轉換為技能筆記（中）。<br>*轉換後的技能筆記（中）會直接加入道具，不會送至禮物箱。<br>*如果技能筆記（中）已達持有上限，將會送至禮物箱。",224030120
2110001,焦點招募: Out on Town,"焦點招募: Out on Town中登場的成員皆為 R 以上稀有度。<br>可使用300個愛心寶石進行1次招募。<br>可使用3,000個愛心寶石進行10次招募，並保證至少獲得1位SR以上成員。<br>每天僅可使用150個付費愛心寶石進行1次付費招募。<br><br>如果招募到已獲得的成員，將自動轉換為螢光棒。<br>*轉換後的螢光棒會直接加入道具，不會送至禮物箱。<br>*如果螢光棒已達持有上限，將會送至禮物箱。<br>*獲得的螢光棒數量會依成員稀有度而定。<br>- UR: 500<br>- SR: 50<br>- R: 20<br><br>此外，將依登場成員數獲得招募 Points [Out on Town] 招募 points。<br>獲得的招募點數可在交換所兌換成員、道具等。<br><br>招募期間內未交換的招募點數，將在招募結束時自動轉換為技能筆記（中）。<br>*轉換後的技能筆記（中）會直接加入道具，不會送至禮物箱。<br>*如果技能筆記（中）已達持有上限，將會送至禮物箱。",223043002
2110002,焦點招募: 商店ping Streets,"焦點招募: 商店ping Streets中登場的成員皆為 R 以上稀有度。<br>可使用300個愛心寶石進行1次招募。<br>可使用3,000個愛心寶石進行10次招募，並保證至少獲得1位SR以上成員。<br>每天僅可使用150個付費愛心寶石進行1次付費招募。<br><br>如果招募到已獲得的成員，將自動轉換為螢光棒。<br>*轉換後的螢光棒會直接加入道具，不會送至禮物箱。<br>*如果螢光棒已達持有上限，將會送至禮物箱。<br>*獲得的螢光棒數量會依成員稀有度而定。<br>- UR: 500<br>- SR: 50<br>- R: 20<br><br>此外，將依登場成員數獲得招募 Points [商店ping Streets]。<br>獲得的招募點數可在交換所兌換成員、道具等。<br><br>招募期間內未交換的招募點數，將在招募結束時自動轉換為技能筆記（中）。<br>*轉換後的技能筆記（中）會直接加入道具，不會送至禮物箱。<br>*如果技能筆記（中）已達持有上限，將會送至禮物箱。",223051502
2110003,焦點招募: 演唱會於Nature,"焦點招募: 演唱會於Nature中登場的成員皆為 R 以上稀有度。<br>可使用300個愛心寶石進行1次招募。<br>可使用3,000個愛心寶石進行10次招募，並保證至少獲得1位SR以上成員。<br>每天僅可使用150個付費愛心寶石進行1次付費招募。<br><br>如果招募到已獲得的成員，將自動轉換為螢光棒。<br>*轉換後的螢光棒會直接加入道具，不會送至禮物箱。<br>*如果螢光棒已達持有上限，將會送至禮物箱。<br>*獲得的螢光棒數量會依成員稀有度而定。<br>- UR: 500<br>- SR: 50<br>- R: 20<br><br>此外，將依登場成員數獲得招募 Points [演唱會於Nature]。<br>獲得的招募點數可在交換所兌換成員、道具等。<br><br>招募期間內未交換的招募點數，將在招募結束時自動轉換為技能筆記（中）。<br>*轉換後的技能筆記（中）會直接加入道具，不會送至禮物箱。<br>*如果技能筆記（中）已達持有上限，將會送至禮物箱。",223053102
2110004,焦點招募: Glittering Dancers,"焦點招募: Glittering Dancers中登場的成員皆為 R 以上稀有度。<br>可使用300個愛心寶石進行1次招募。<br>可使用3,000個愛心寶石進行10次招募，並保證至少獲得1位SR以上成員。<br>每天僅可使用150個付費愛心寶石進行1次付費招募。<br><br>如果招募到已獲得的成員，將自動轉換為螢光棒。<br>*轉換後的螢光棒會直接加入道具，不會送至禮物箱。<br>*如果螢光棒已達持有上限，將會送至禮物箱。<br>*獲得的螢光棒數量會依成員稀有度而定。<br>- UR: 500<br>- SR: 50<br>- R: 20<br><br>此外，將依登場成員數獲得招募 Points [Glittering Dancers] 招募 points。<br>獲得的招募點數可在交換所兌換成員、道具等。<br><br>招募期間內未交換的招募點數，將在招募結束時自動轉換為技能筆記（中）。<br>*轉換後的技能筆記（中）會直接加入道具，不會送至禮物箱。<br>*如果技能筆記（中）已達持有上限，將會送至禮物箱。",223061502
2110005,焦點招募: Glittering Dancers,"焦點招募: Glittering Dancers中登場的成員皆為 R 以上稀有度。<br>可使用300個愛心寶石進行1次招募。<br>可使用3,000個愛心寶石進行10次招募，並保證至少獲得1位SR以上成員。<br>每天僅可使用150個付費愛心寶石進行1次付費招募。<br><br>如果招募到已獲得的成員，將自動轉換為螢光棒。<br>*轉換後的螢光棒會直接加入道具，不會送至禮物箱。<br>*如果螢光棒已達持有上限，將會送至禮物箱。<br>*獲得的螢光棒數量會依成員稀有度而定。<br>- UR: 500<br>- SR: 50<br>- R: 20<br><br>此外，將依登場成員數獲得招募 Points [Glittering Dancers] 招募 points。<br>獲得的招募點數可在交換所兌換成員、道具等。<br><br>招募期間內未交換的招募點數，將在招募結束時自動轉換為技能筆記（中）。<br>*轉換後的技能筆記（中）會直接加入道具，不會送至禮物箱。<br>*如果技能筆記（中）已達持有上限，將會送至禮物箱。",223061502
2110006,焦點招募: Sunny Summer Camp,"焦點招募: Sunny Summer Camp中登場的成員皆為 R 以上稀有度。<br>可使用300個愛心寶石進行1次招募。<br>可使用3,000個愛心寶石進行10次招募，並保證至少獲得1位SR以上成員。<br>每天僅可使用150個付費愛心寶石進行1次付費招募。<br><br>如果招募到已獲得的成員，將自動轉換為螢光棒。<br>*轉換後的螢光棒會直接加入道具，不會送至禮物箱。<br>*如果螢光棒已達持有上限，將會送至禮物箱。<br>*獲得的螢光棒數量會依成員稀有度而定。<br>- UR: 500<br>- SR: 50<br>- R: 20<br><br>此外，將依登場成員數獲得招募 Points [Sunny Summer Camp]。<br>獲得的招募點數可在交換所兌換成員、道具等。<br><br>招募期間內未交換的招募點數，將在招募結束時自動轉換為技能筆記（中）。<br>*轉換後的技能筆記（中）會直接加入道具，不會送至禮物箱。<br>*如果技能筆記（中）已達持有上限，將會送至禮物箱。",223063002
2110007,焦點招募: Sunny Summer Camp,"焦點招募: Sunny Summer Camp中登場的成員皆為 R 以上稀有度。<br>可使用300個愛心寶石進行1次招募。<br>可使用3,000個愛心寶石進行10次招募，並保證至少獲得1位SR以上成員。<br>每天僅可使用150個付費愛心寶石進行1次付費招募。<br><br>如果招募到已獲得的成員，將自動轉換為螢光棒。<br>*轉換後的螢光棒會直接加入道具，不會送至禮物箱。<br>*如果螢光棒已達持有上限，將會送至禮物箱。<br>*獲得的螢光棒數量會依成員稀有度而定。<br>- UR: 500<br>- SR: 50<br>- R: 20<br><br>此外，將依登場成員數獲得招募 Points [Sunny Summer Camp]。<br>獲得的招募點數可在交換所兌換成員、道具等。<br><br>招募期間內未交換的招募點數，將在招募結束時自動轉換為技能筆記（中）。<br>*轉換後的技能筆記（中）會直接加入道具，不會送至禮物箱。<br>*如果技能筆記（中）已達持有上限，將會送至禮物箱。",223063002
2110008,焦點招募: Midsummer Mermaid,"焦點招募: Midsummer Mermaid中登場的成員皆為 R 以上稀有度。<br>可使用300個愛心寶石進行1次招募。<br>可使用3,000個愛心寶石進行10次招募，並保證至少獲得1位SR以上成員。<br>每天僅可使用150個付費愛心寶石進行1次付費招募。<br><br>如果招募到已獲得的成員，將自動轉換為螢光棒。<br>*轉換後的螢光棒會直接加入道具，不會送至禮物箱。<br>*如果螢光棒已達持有上限，將會送至禮物箱。<br>*獲得的螢光棒數量會依成員稀有度而定。<br>- UR: 500<br>- SR: 50<br>- R: 20<br><br>此外，將依登場成員數獲得招募 Points [Midsummer Mermaid]。<br>獲得的招募點數可在交換所兌換成員、道具等。<br><br>招募期間內未交換的招募點數，將在招募結束時自動轉換為技能筆記（中）。<br>*轉換後的技能筆記（中）會直接加入道具，不會送至禮物箱。<br>*如果技能筆記（中）已達持有上限，將會送至禮物箱。",223071503
2110009,焦點招募: Midsummer Mermaid,"焦點招募: Midsummer Mermaid中登場的成員皆為 R 以上稀有度。<br>可使用300個愛心寶石進行1次招募。<br>可使用3,000個愛心寶石進行10次招募，並保證至少獲得1位SR以上成員。<br>每天僅可使用150個付費愛心寶石進行1次付費招募。<br><br>如果招募到已獲得的成員，將自動轉換為螢光棒。<br>*轉換後的螢光棒會直接加入道具，不會送至禮物箱。<br>*如果螢光棒已達持有上限，將會送至禮物箱。<br>*獲得的螢光棒數量會依成員稀有度而定。<br>- UR: 500<br>- SR: 50<br>- R: 20<br><br>此外，將依登場成員數獲得招募 Points [Midsummer Mermaid]。<br>獲得的招募點數可在交換所兌換成員、道具等。<br><br>招募期間內未交換的招募點數，將在招募結束時自動轉換為技能筆記（中）。<br>*轉換後的技能筆記（中）會直接加入道具，不會送至禮物箱。<br>*如果技能筆記（中）已達持有上限，將會送至禮物箱。",223071503
2110010,焦點招募: Summer Beach Run,"焦點招募: Summer Beach Run中登場的成員皆為 R 以上稀有度。<br>可使用300個愛心寶石進行1次招募。<br>可使用3,000個愛心寶石進行10次招募，並保證至少獲得1位SR以上成員。<br>每天僅可使用150個付費愛心寶石進行1次付費招募。<br><br>如果招募到已獲得的成員，將自動轉換為螢光棒。<br>*轉換後的螢光棒會直接加入道具，不會送至禮物箱。<br>*如果螢光棒已達持有上限，將會送至禮物箱。<br>*獲得的螢光棒數量會依成員稀有度而定。<br>- UR: 500<br>- SR: 50<br>- R: 20<br><br>此外，將依登場成員數獲得招募 Points [Summer Beach Run]。<br>獲得的招募點數可在交換所兌換成員、道具等。<br><br>招募期間內未交換的招募點數，將在招募結束時自動轉換為技能筆記（中）。<br>*轉換後的技能筆記（中）會直接加入道具，不會送至禮物箱。<br>*如果技能筆記（中）已達持有上限，將會送至禮物箱。",223073102
2110011,焦點招募: Summer Beach Run,"焦點招募: Summer Beach Run中登場的成員皆為 R 以上稀有度。<br>可使用300個愛心寶石進行1次招募。<br>可使用3,000個愛心寶石進行10次招募，並保證至少獲得1位SR以上成員。<br>每天僅可使用150個付費愛心寶石進行1次付費招募。<br><br>如果招募到已獲得的成員，將自動轉換為螢光棒。<br>*轉換後的螢光棒會直接加入道具，不會送至禮物箱。<br>*如果螢光棒已達持有上限，將會送至禮物箱。<br>*獲得的螢光棒數量會依成員稀有度而定。<br>- UR: 500<br>- SR: 50<br>- R: 20<br><br>此外，將依登場成員數獲得招募 Points [Summer Beach Run]。<br>獲得的招募點數可在交換所兌換成員、道具等。<br><br>招募期間內未交換的招募點數，將在招募結束時自動轉換為技能筆記（中）。<br>*轉換後的技能筆記（中）會直接加入道具，不會送至禮物箱。<br>*如果技能筆記（中）已達持有上限，將會送至禮物箱。",223073102
2110012,焦點招募: Flowers Bloom於Summer Night,"焦點招募: Flowers Bloom於Summer Night中登場的成員皆為 R 以上稀有度。<br>可使用300個愛心寶石進行1次招募。<br>可使用3,000個愛心寶石進行10次招募，並保證至少獲得1位SR以上成員。<br>每天僅可使用150個付費愛心寶石進行1次付費招募。<br><br>如果招募到已獲得的成員，將自動轉換為螢光棒。<br>*轉換後的螢光棒會直接加入道具，不會送至禮物箱。<br>*如果螢光棒已達持有上限，將會送至禮物箱。<br>*獲得的螢光棒數量會依成員稀有度而定。<br>- UR: 500<br>- SR: 50<br>- R: 20<br><br>此外，將依登場成員數獲得招募 Points [Flowers Bloom於Summer Night]。<br>獲得的招募點數可在交換所兌換成員、道具等。<br><br>招募期間內未交換的招募點數，將在招募結束時自動轉換為技能筆記（中）。<br>*轉換後的技能筆記（中）會直接加入道具，不會送至禮物箱。<br>*如果技能筆記（中）已達持有上限，將會送至禮物箱。",223081502
2110013,焦點招募: Flowers Bloom於Summer Night,"焦點招募: Flowers Bloom於Summer Night中登場的成員皆為 R 以上稀有度。<br>可使用300個愛心寶石進行1次招募。<br>可使用3,000個愛心寶石進行10次招募，並保證至少獲得1位SR以上成員。<br>每天僅可使用150個付費愛心寶石進行1次付費招募。<br><br>如果招募到已獲得的成員，將自動轉換為螢光棒。<br>*轉換後的螢光棒會直接加入道具，不會送至禮物箱。<br>*如果螢光棒已達持有上限，將會送至禮物箱。<br>*獲得的螢光棒數量會依成員稀有度而定。<br>- UR: 500<br>- SR: 50<br>- R: 20<br><br>此外，將依登場成員數獲得招募 Points [Flowers Bloom於Summer Night]。<br>獲得的招募點數可在交換所兌換成員、道具等。<br><br>招募期間內未交換的招募點數，將在招募結束時自動轉換為技能筆記（中）。<br>*轉換後的技能筆記（中）會直接加入道具，不會送至禮物箱。<br>*如果技能筆記（中）已達持有上限，將會送至禮物箱。",223081502
2110014,焦點招募: Moonlight Silvergrass,"焦點招募: Moonlight Silvergrass中登場的成員皆為 R 以上稀有度。<br>可使用300個愛心寶石進行1次招募。<br>可使用3,000個愛心寶石進行10次招募，並保證至少獲得1位SR以上成員。<br>每天僅可使用150個付費愛心寶石進行1次付費招募。<br><br>如果招募到已獲得的成員，將自動轉換為螢光棒。<br>*轉換後的螢光棒會直接加入道具，不會送至禮物箱。<br>*如果螢光棒已達持有上限，將會送至禮物箱。<br>*獲得的螢光棒數量會依成員稀有度而定。<br>- UR: 500<br>- SR: 50<br>- R: 20<br><br>此外，將依登場成員數獲得招募 Points [Moonlight Silvergrass]。<br>獲得的招募點數可在交換所兌換成員、道具等。<br><br>招募期間內未交換的招募點數，將在招募結束時自動轉換為技能筆記（中）。<br>*轉換後的技能筆記（中）會直接加入道具，不會送至禮物箱。<br>*如果技能筆記（中）已達持有上限，將會送至禮物箱。",223083102
2110015,焦點招募: Moonlight Silvergrass,"焦點招募: Moonlight Silvergrass中登場的成員皆為 R 以上稀有度。<br>可使用300個愛心寶石進行1次招募。<br>可使用3,000個愛心寶石進行10次招募，並保證至少獲得1位SR以上成員。<br>每天僅可使用150個付費愛心寶石進行1次付費招募。<br><br>如果招募到已獲得的成員，將自動轉換為螢光棒。<br>*轉換後的螢光棒會直接加入道具，不會送至禮物箱。<br>*如果螢光棒已達持有上限，將會送至禮物箱。<br>*獲得的螢光棒數量會依成員稀有度而定。<br>- UR: 500<br>- SR: 50<br>- R: 20<br><br>此外，將依登場成員數獲得招募 Points [Moonlight Silvergrass]。<br>獲得的招募點數可在交換所兌換成員、道具等。<br><br>招募期間內未交換的招募點數，將在招募結束時自動轉換為技能筆記（中）。<br>*轉換後的技能筆記（中）會直接加入道具，不會送至禮物箱。<br>*如果技能筆記（中）已達持有上限，將會送至禮物箱。",223083102
2110016,焦點招募: Wandering Yukata,"焦點招募: Wandering Yukata中登場的成員皆為 R 以上稀有度。<br>可使用300個愛心寶石進行1次招募。<br>可使用3,000個愛心寶石進行10次招募，並保證至少獲得1位SR以上成員。<br>每天僅可使用150個付費愛心寶石進行1次付費招募。<br><br>如果招募到已獲得的成員，將自動轉換為螢光棒。<br>*轉換後的螢光棒會直接加入道具，不會送至禮物箱。<br>*如果螢光棒已達持有上限，將會送至禮物箱。<br>*獲得的螢光棒數量會依成員稀有度而定。<br>- UR: 500<br>- SR: 50<br>- R: 20<br><br>此外，將依登場成員數獲得招募 Points [Wandering Yukata]。<br>獲得的招募點數可在交換所兌換成員、道具等。<br><br>招募期間內未交換的招募點數，將在招募結束時自動轉換為技能筆記（中）。<br>*轉換後的技能筆記（中）會直接加入道具，不會送至禮物箱。<br>*如果技能筆記（中）已達持有上限，將會送至禮物箱。",223091502
2110017,焦點招募: Wandering Yukata,"焦點招募: Wandering Yukata中登場的成員皆為 R 以上稀有度。<br>可使用300個愛心寶石進行1次招募。<br>可使用3,000個愛心寶石進行10次招募，並保證至少獲得1位SR以上成員。<br>每天僅可使用150個付費愛心寶石進行1次付費招募。<br><br>如果招募到已獲得的成員，將自動轉換為螢光棒。<br>*轉換後的螢光棒會直接加入道具，不會送至禮物箱。<br>*如果螢光棒已達持有上限，將會送至禮物箱。<br>*獲得的螢光棒數量會依成員稀有度而定。<br>- UR: 500<br>- SR: 50<br>- R: 20<br><br>此外，將依登場成員數獲得招募 Points [Wandering Yukata]。<br>獲得的招募點數可在交換所兌換成員、道具等。<br><br>招募期間內未交換的招募點數，將在招募結束時自動轉換為技能筆記（中）。<br>*轉換後的技能筆記（中）會直接加入道具，不會送至禮物箱。<br>*如果技能筆記（中）已達持有上限，將會送至禮物箱。",223091502
2110018,焦點招募: Trick 或 Treat!,"焦點招募: Trick 或 Treat！are的稀有度 R與above.<br>可使用300個愛心寶石進行1次招募。<br>可使用3,000個愛心寶石進行10次招募，並保證至少獲得1位SR以上成員。<br>每天僅可使用150個付費愛心寶石進行1次付費招募。<br><br>如果招募到已獲得的成員，將自動轉換為螢光棒。<br>*轉換後的螢光棒會直接加入道具，不會送至禮物箱。<br>*如果螢光棒已達持有上限，將會送至禮物箱。<br>*獲得的螢光棒數量會依成員稀有度而定。<br>- UR: 500<br>- SR: 50<br>- R: 20<br><br>此外，將依登場成員數獲得招募 Points [Trick 或 Treat]。<br>獲得的招募點數可在交換所兌換成員、道具等。<br><br>招募期間內未交換的招募點數，將在招募結束時自動轉換為技能筆記（中）。<br>*轉換後的技能筆記（中）會直接加入道具，不會送至禮物箱。<br>*如果技能筆記（中）已達持有上限，將會送至禮物箱。",223093002
2110019,焦點招募: Trick 或 Treat!,"焦點招募: Trick 或 Treat！are的稀有度 R與above.<br>可使用300個愛心寶石進行1次招募。<br>可使用3,000個愛心寶石進行10次招募，並保證至少獲得1位SR以上成員。<br>每天僅可使用150個付費愛心寶石進行1次付費招募。<br><br>如果招募到已獲得的成員，將自動轉換為螢光棒。<br>*轉換後的螢光棒會直接加入道具，不會送至禮物箱。<br>*如果螢光棒已達持有上限，將會送至禮物箱。<br>*獲得的螢光棒數量會依成員稀有度而定。<br>- UR: 500<br>- SR: 50<br>- R: 20<br><br>此外，將依登場成員數獲得招募 Points [Trick 或 Treat]。<br>獲得的招募點數可在交換所兌換成員、道具等。<br><br>招募期間內未交換的招募點數，將在招募結束時自動轉換為技能筆記（中）。<br>*轉換後的技能筆記（中）會直接加入道具，不會送至禮物箱。<br>*如果技能筆記（中）已達持有上限，將會送至禮物箱。",223093002
2110020,焦點招募: Boo！Boo！Halloween Land,"焦點招募: Boo！Boo！Halloween Land中登場的成員皆為 R 以上稀有度。<br>可使用300個愛心寶石進行1次招募。<br>可使用3,000個愛心寶石進行10次招募，並保證至少獲得1位SR以上成員。<br>每天僅可使用150個付費愛心寶石進行1次付費招募。<br><br>如果招募到已獲得的成員，將自動轉換為螢光棒。<br>*轉換後的螢光棒會直接加入道具，不會送至禮物箱。<br>*如果螢光棒已達持有上限，將會送至禮物箱。<br>*獲得的螢光棒數量會依成員稀有度而定。<br>- UR: 500<br>- SR: 50<br>- R: 20<br><br>此外，將依登場成員數獲得招募 Points [Half 紀念日]。<br>獲得的招募點數可在交換所兌換成員、道具等。<br><br>招募期間內未交換的招募點數，將在招募結束時自動轉換為技能筆記（中）。<br>*轉換後的技能筆記（中）會直接加入道具，不會送至禮物箱。<br>*如果技能筆記（中）已達持有上限，將會送至禮物箱。",223101506
2110021,焦點招募: Boo！Boo！Halloween Land,"焦點招募: Boo！Boo！Halloween Land中登場的成員皆為 R 以上稀有度。<br>可使用300個愛心寶石進行1次招募。<br>可使用3,000個愛心寶石進行10次招募，並保證至少獲得1位SR以上成員。<br>每天僅可使用150個付費愛心寶石進行1次付費招募。<br><br>如果招募到已獲得的成員，將自動轉換為螢光棒。<br>*轉換後的螢光棒會直接加入道具，不會送至禮物箱。<br>*如果螢光棒已達持有上限，將會送至禮物箱。<br>*獲得的螢光棒數量會依成員稀有度而定。<br>- UR: 500<br>- SR: 50<br>- R: 20<br><br>此外，將依登場成員數獲得招募 Points [Half 紀念日]。<br>獲得的招募點數可在交換所兌換成員、道具等。<br><br>招募期間內未交換的招募點數，將在招募結束時自動轉換為技能筆記（中）。<br>*轉換後的技能筆記（中）會直接加入道具，不會送至禮物箱。<br>*如果技能筆記（中）已達持有上限，將會送至禮物箱。",223101506
2110022,焦點招募: Sunny Marching Band,"焦點招募: Sunny Marching Band中登場的成員皆為 R 以上稀有度。<br>可使用300個愛心寶石進行1次招募。<br>可使用3,000個愛心寶石進行10次招募，並保證至少獲得1位SR以上成員。<br>每天僅可使用150個付費愛心寶石進行1次付費招募。<br><br>如果招募到已獲得的成員，將自動轉換為螢光棒。<br>*轉換後的螢光棒會直接加入道具，不會送至禮物箱。<br>*如果螢光棒已達持有上限，將會送至禮物箱。<br>*獲得的螢光棒數量會依成員稀有度而定。<br>- UR: 500<br>- SR: 50<br>- R: 20<br><br>此外，將依登場成員數獲得招募 Points [Sunny Marching Band]。<br>獲得的招募點數可在交換所兌換成員、道具等。<br><br>招募期間內未交換的招募點數，將在招募結束時自動轉換為技能筆記（中）。<br>*轉換後的技能筆記（中）會直接加入道具，不會送至禮物箱。<br>*如果技能筆記（中）已達持有上限，將會送至禮物箱。",223103108
2110023,焦點招募: Sunny Marching Band,"焦點招募: Sunny Marching Band中登場的成員皆為 R 以上稀有度。<br>可使用300個愛心寶石進行1次招募。<br>可使用3,000個愛心寶石進行10次招募，並保證至少獲得1位SR以上成員。<br>每天僅可使用150個付費愛心寶石進行1次付費招募。<br><br>如果招募到已獲得的成員，將自動轉換為螢光棒。<br>*轉換後的螢光棒會直接加入道具，不會送至禮物箱。<br>*如果螢光棒已達持有上限，將會送至禮物箱。<br>*獲得的螢光棒數量會依成員稀有度而定。<br>- UR: 500<br>- SR: 50<br>- R: 20<br><br>此外，將依登場成員數獲得招募 Points [Sunny Marching Band]。<br>獲得的招募點數可在交換所兌換成員、道具等。<br><br>招募期間內未交換的招募點數，將在招募結束時自動轉換為技能筆記（中）。<br>*轉換後的技能筆記（中）會直接加入道具，不會送至禮物箱。<br>*如果技能筆記（中）已達持有上限，將會送至禮物箱。",223103108
2110024,焦點招募: Kitty Cat 🐾 Maids,"焦點招募: Kitty Cat 🐾 Maids中登場的成員皆為 R 以上稀有度。<br>可使用300個愛心寶石進行1次招募。<br>可使用3,000個愛心寶石進行10次招募，並保證至少獲得1位SR以上成員。<br>每天僅可使用150個付費愛心寶石進行1次付費招募。<br><br>如果招募到已獲得的成員，將自動轉換為螢光棒。<br>*轉換後的螢光棒會直接加入道具，不會送至禮物箱。<br>*如果螢光棒已達持有上限，將會送至禮物箱。<br>*獲得的螢光棒數量會依成員稀有度而定。<br>- UR: 500<br>- SR: 50<br>- R: 20<br><br>此外，將依登場成員數獲得招募 Points [Kitty Cat 🐾 Maids]。<br>獲得的招募點數可在交換所兌換成員、道具等。<br><br>招募期間內未交換的招募點數，將在招募結束時自動轉換為技能筆記（中）。<br>*轉換後的技能筆記（中）會直接加入道具，不會送至禮物箱。<br>*如果技能筆記（中）已達持有上限，將會送至禮物箱。",223111502
2110025,焦點招募: Kitty Cat 🐾 Maids,"焦點招募: Kitty Cat 🐾 Maids中登場的成員皆為 R 以上稀有度。<br>可使用300個愛心寶石進行1次招募。<br>可使用3,000個愛心寶石進行10次招募，並保證至少獲得1位SR以上成員。<br>每天僅可使用150個付費愛心寶石進行1次付費招募。<br><br>如果招募到已獲得的成員，將自動轉換為螢光棒。<br>*轉換後的螢光棒會直接加入道具，不會送至禮物箱。<br>*如果螢光棒已達持有上限，將會送至禮物箱。<br>*獲得的螢光棒數量會依成員稀有度而定。<br>- UR: 500<br>- SR: 50<br>- R: 20<br><br>此外，將依登場成員數獲得招募 Points [Kitty Cat 🐾 Maids]。<br>獲得的招募點數可在交換所兌換成員、道具等。<br><br>招募期間內未交換的招募點數，將在招募結束時自動轉換為技能筆記（中）。<br>*轉換後的技能筆記（中）會直接加入道具，不會送至禮物箱。<br>*如果技能筆記（中）已達持有上限，將會送至禮物箱。",223111502
2110026,焦點招募: Everyone's Merry Christmas!,"焦點招募: Everyone's Merry Christmas！are的稀有度 R與above.<br>可使用300個愛心寶石進行1次招募。<br>可使用3,000個愛心寶石進行10次招募，並保證至少獲得1位SR以上成員。<br>每天僅可使用150個付費愛心寶石進行1次付費招募。<br><br>如果招募到已獲得的成員，將自動轉換為螢光棒。<br>*轉換後的螢光棒會直接加入道具，不會送至禮物箱。<br>*如果螢光棒已達持有上限，將會送至禮物箱。<br>*獲得的螢光棒數量會依成員稀有度而定。<br>- UR: 500<br>- SR: 50<br>- R: 20<br><br>此外，將依登場成員數獲得招募 Points [Everyone's Merry Christmas!]。<br>獲得的招募點數可在交換所兌換成員、道具等。<br><br>招募期間內未交換的招募點數，將在招募結束時自動轉換為技能筆記（中）。<br>*轉換後的技能筆記（中）會直接加入道具，不會送至禮物箱。<br>*如果技能筆記（中）已達持有上限，將會送至禮物箱。",223113009
2110027,焦點招募: Everyone's Merry Christmas!,"焦點招募: Everyone's Merry Christmas！are的稀有度 R與above.<br>可使用300個愛心寶石進行1次招募。<br>可使用3,000個愛心寶石進行10次招募，並保證至少獲得1位SR以上成員。<br>每天僅可使用150個付費愛心寶石進行1次付費招募。<br><br>如果招募到已獲得的成員，將自動轉換為螢光棒。<br>*轉換後的螢光棒會直接加入道具，不會送至禮物箱。<br>*如果螢光棒已達持有上限，將會送至禮物箱。<br>*獲得的螢光棒數量會依成員稀有度而定。<br>- UR: 500<br>- SR: 50<br>- R: 20<br><br>此外，將依登場成員數獲得招募 Points [Everyone's Merry Christmas!]。<br>獲得的招募點數可在交換所兌換成員、道具等。<br><br>招募期間內未交換的招募點數，將在招募結束時自動轉換為技能筆記（中）。<br>*轉換後的技能筆記（中）會直接加入道具，不會送至禮物箱。<br>*如果技能筆記（中）已達持有上限，將會送至禮物箱。",223113009
2110028,焦點招募: Santa Claus at Snow Festival,"焦點招募: Santa Claus at Snow Festival中登場的成員皆為 R 以上稀有度。<br>可使用300個愛心寶石進行1次招募。<br>可使用3,000個愛心寶石進行10次招募，並保證至少獲得1位SR以上成員。<br>每天僅可使用150個付費愛心寶石進行1次付費招募。<br><br>如果招募到已獲得的成員，將自動轉換為螢光棒。<br>*轉換後的螢光棒會直接加入道具，不會送至禮物箱。<br>*如果螢光棒已達持有上限，將會送至禮物箱。<br>*獲得的螢光棒數量會依成員稀有度而定。<br>- UR: 500<br>- SR: 50<br>- R: 20<br><br>此外，將依登場成員數獲得招募 Points [Santa Claus at Snow Festival]。<br>獲得的招募點數可在交換所兌換成員、道具等。<br><br>招募期間內未交換的招募點數，將在招募結束時自動轉換為技能筆記（中）。<br>*轉換後的技能筆記（中）會直接加入道具，不會送至禮物箱。<br>*如果技能筆記（中）已達持有上限，將會送至禮物箱。",223121505
2110029,焦點招募: Santa Claus at Snow Festival,"焦點招募: Santa Claus at Snow Festival中登場的成員皆為 R 以上稀有度。<br>可使用300個愛心寶石進行1次招募。<br>可使用3,000個愛心寶石進行10次招募，並保證至少獲得1位SR以上成員。<br>每天僅可使用150個付費愛心寶石進行1次付費招募。<br><br>如果招募到已獲得的成員，將自動轉換為螢光棒。<br>*轉換後的螢光棒會直接加入道具，不會送至禮物箱。<br>*如果螢光棒已達持有上限，將會送至禮物箱。<br>*獲得的螢光棒數量會依成員稀有度而定。<br>- UR: 500<br>- SR: 50<br>- R: 20<br><br>此外，將依登場成員數獲得招募 Points [Santa Claus at Snow Festival]。<br>獲得的招募點數可在交換所兌換成員、道具等。<br><br>招募期間內未交換的招募點數，將在招募結束時自動轉換為技能筆記（中）。<br>*轉換後的技能筆記（中）會直接加入道具，不會送至禮物箱。<br>*如果技能筆記（中）已達持有上限，將會送至禮物箱。",223121505
2110030,焦點招募: Happy New Year至曜!,"焦點招募: Happy New Year至曜！are的稀有度 R與above.<br>可使用300個愛心寶石進行1次招募。<br>可使用3,000個愛心寶石進行10次招募，並保證至少獲得1位SR以上成員。<br>每天僅可使用150個付費愛心寶石進行1次付費招募。<br><br>如果招募到已獲得的成員，將自動轉換為螢光棒。<br>*轉換後的螢光棒會直接加入道具，不會送至禮物箱。<br>*如果螢光棒已達持有上限，將會送至禮物箱。<br>*獲得的螢光棒數量會依成員稀有度而定。<br>- UR: 500<br>- SR: 50<br>- R: 20<br><br>此外，將依登場成員數獲得招募 Points [Happy New Year至曜!]。<br>獲得的招募點數可在交換所兌換成員、道具等。<br><br>招募期間內未交換的招募點數，將在招募結束時自動轉換為技能筆記（中）。<br>*轉換後的技能筆記（中）會直接加入道具，不會送至禮物箱。<br>*如果技能筆記（中）已達持有上限，將會送至禮物箱。",223123102
2110031,焦點招募: Happy New Year至曜!,"焦點招募: Happy New Year至曜！are的稀有度 R與above.<br>可使用300個愛心寶石進行1次招募。<br>可使用3,000個愛心寶石進行10次招募，並保證至少獲得1位SR以上成員。<br>每天僅可使用150個付費愛心寶石進行1次付費招募。<br><br>如果招募到已獲得的成員，將自動轉換為螢光棒。<br>*轉換後的螢光棒會直接加入道具，不會送至禮物箱。<br>*如果螢光棒已達持有上限，將會送至禮物箱。<br>*獲得的螢光棒數量會依成員稀有度而定。<br>- UR: 500<br>- SR: 50<br>- R: 20<br><br>此外，將依登場成員數獲得招募 Points [Happy New Year至曜!]。<br>獲得的招募點數可在交換所兌換成員、道具等。<br><br>招募期間內未交換的招募點數，將在招募結束時自動轉換為技能筆記（中）。<br>*轉換後的技能筆記（中）會直接加入道具，不會送至禮物箱。<br>*如果技能筆記（中）已達持有上限，將會送至禮物箱。",223123102
2110032,焦點招募: Ice Fairy,"焦點招募: Ice Fairy中登場的成員皆為 R 以上稀有度。<br>可使用300個愛心寶石進行1次招募。<br>可使用3,000個愛心寶石進行10次招募，並保證至少獲得1位SR以上成員。<br>每天僅可使用150個付費愛心寶石進行1次付費招募。<br><br>如果招募到已獲得的成員，將自動轉換為螢光棒。<br>*轉換後的螢光棒會直接加入道具，不會送至禮物箱。<br>*如果螢光棒已達持有上限，將會送至禮物箱。<br>*獲得的螢光棒數量會依成員稀有度而定。<br>- UR: 500<br>- SR: 50<br>- R: 20<br><br>此外，將依登場成員數獲得招募 Points [Ice Fairy]。<br>獲得的招募點數可在交換所兌換成員、道具等。<br><br>招募期間內未交換的招募點數，將在招募結束時自動轉換為技能筆記（中）。<br>*轉換後的技能筆記（中）會直接加入道具，不會送至禮物箱。<br>*如果技能筆記（中）已達持有上限，將會送至禮物箱。",224011502
2110033,焦點招募: Ice Fairy,"焦點招募: Ice Fairy中登場的成員皆為 R 以上稀有度。<br>可使用300個愛心寶石進行1次招募。<br>可使用3,000個愛心寶石進行10次招募，並保證至少獲得1位SR以上成員。<br>每天僅可使用150個付費愛心寶石進行1次付費招募。<br><br>如果招募到已獲得的成員，將自動轉換為螢光棒。<br>*轉換後的螢光棒會直接加入道具，不會送至禮物箱。<br>*如果螢光棒已達持有上限，將會送至禮物箱。<br>*獲得的螢光棒數量會依成員稀有度而定。<br>- UR: 500<br>- SR: 50<br>- R: 20<br><br>此外，將依登場成員數獲得招募 Points [Ice Fairy]。<br>獲得的招募點數可在交換所兌換成員、道具等。<br><br>招募期間內未交換的招募點數，將在招募結束時自動轉換為技能筆記（中）。<br>*轉換後的技能筆記（中）會直接加入道具，不會送至禮物箱。<br>*如果技能筆記（中）已達持有上限，將會送至禮物箱。",224011502
2110034,焦點招募: Maidens Locked於Love,"焦點招募: Maidens Locked於Love中登場的成員皆為 R 以上稀有度。<br>可使用300個愛心寶石進行1次招募。<br>可使用3,000個愛心寶石進行10次招募，並保證至少獲得1位SR以上成員。<br>每天僅可使用150個付費愛心寶石進行1次付費招募。<br><br>如果招募到已獲得的成員，將自動轉換為螢光棒。<br>*轉換後的螢光棒會直接加入道具，不會送至禮物箱。<br>*如果螢光棒已達持有上限，將會送至禮物箱。<br>*獲得的螢光棒數量會依成員稀有度而定。<br>- UR: 500<br>- SR: 50<br>- R: 20<br><br>此外，將依登場成員數獲得招募 Points [Maidens Locked於Love]。<br>獲得的招募點數可在交換所兌換成員、道具等。<br><br>招募期間內未交換的招募點數，將在招募結束時自動轉換為技能筆記（中）。<br>*轉換後的技能筆記（中）會直接加入道具，不會送至禮物箱。<br>*如果技能筆記（中）已達持有上限，將會送至禮物箱。",224013102
2110035,焦點招募: Maidens Locked於Love,"焦點招募: Maidens Locked於Love中登場的成員皆為 R 以上稀有度。<br>可使用300個愛心寶石進行1次招募。<br>可使用3,000個愛心寶石進行10次招募，並保證至少獲得1位SR以上成員。<br>每天僅可使用150個付費愛心寶石進行1次付費招募。<br><br>如果招募到已獲得的成員，將自動轉換為螢光棒。<br>*轉換後的螢光棒會直接加入道具，不會送至禮物箱。<br>*如果螢光棒已達持有上限，將會送至禮物箱。<br>*獲得的螢光棒數量會依成員稀有度而定。<br>- UR: 500<br>- SR: 50<br>- R: 20<br><br>此外，將依登場成員數獲得招募 Points [Maidens Locked於Love]。<br>獲得的招募點數可在交換所兌換成員、道具等。<br><br>招募期間內未交換的招募點數，將在招募結束時自動轉換為技能筆記（中）。<br>*轉換後的技能筆記（中）會直接加入道具，不會送至禮物箱。<br>*如果技能筆記（中）已達持有上限，將會送至禮物箱。",224013102
2110036,焦點招募: Pandemonic Night,"焦點招募: Pandemonic Night中登場的成員皆為 R 以上稀有度。<br>可使用300個愛心寶石進行1次招募。<br>可使用3,000個愛心寶石進行10次招募，並保證至少獲得1位SR以上成員。<br>每天僅可使用150個付費愛心寶石進行1次付費招募。<br><br>如果招募到已獲得的成員，將自動轉換為螢光棒。<br>*轉換後的螢光棒會直接加入道具，不會送至禮物箱。<br>*如果螢光棒已達持有上限，將會送至禮物箱。<br>*獲得的螢光棒數量會依成員稀有度而定。<br>- UR: 500<br>- SR: 50<br>- R: 20<br><br>此外，將依登場成員數獲得招募 Points [Pandemonic Night]。<br>獲得的招募點數可在交換所兌換成員、道具等。<br><br>招募期間內未交換的招募點數，將在招募結束時自動轉換為技能筆記（中）。<br>*轉換後的技能筆記（中）會直接加入道具，不會送至禮物箱。<br>*如果技能筆記（中）已達持有上限，將會送至禮物箱。",224021402
2110037,焦點招募: Pandemonic Night,"焦點招募: Pandemonic Night中登場的成員皆為 R 以上稀有度。<br>可使用300個愛心寶石進行1次招募。<br>可使用3,000個愛心寶石進行10次招募，並保證至少獲得1位SR以上成員。<br>每天僅可使用150個付費愛心寶石進行1次付費招募。<br><br>如果招募到已獲得的成員，將自動轉換為螢光棒。<br>*轉換後的螢光棒會直接加入道具，不會送至禮物箱。<br>*如果螢光棒已達持有上限，將會送至禮物箱。<br>*獲得的螢光棒數量會依成員稀有度而定。<br>- UR: 500<br>- SR: 50<br>- R: 20<br><br>此外，將依登場成員數獲得招募 Points [Pandemonic Night]。<br>獲得的招募點數可在交換所兌換成員、道具等。<br><br>招募期間內未交換的招募點數，將在招募結束時自動轉換為技能筆記（中）。<br>*轉換後的技能筆記（中）會直接加入道具，不會送至禮物箱。<br>*如果技能筆記（中）已達持有上限，將會送至禮物箱。",224021402
2110038,焦點招募: Y2K♡GALS,"焦點招募: Y2K♡GALS中登場的成員皆為 R 以上稀有度。<br>可使用300個愛心寶石進行1次招募。<br>可使用3,000個愛心寶石進行10次招募，並保證至少獲得1位SR以上成員。<br>每天僅可使用150個付費愛心寶石進行1次付費招募。<br><br>如果招募到已獲得的成員，將自動轉換為螢光棒。<br>*轉換後的螢光棒會直接加入道具，不會送至禮物箱。<br>*如果螢光棒已達持有上限，將會送至禮物箱。<br>*獲得的螢光棒數量會依成員稀有度而定。<br>- UR: 500<br>- SR: 50<br>- R: 20<br><br>此外，將依登場成員數獲得招募 Points [Y2K♡GALS]。<br>獲得的招募點數可在交換所兌換成員、道具等。<br><br>招募期間內未交換的招募點數，將在招募結束時自動轉換為技能筆記（中）。<br>*轉換後的技能筆記（中）會直接加入道具，不會送至禮物箱。<br>*如果技能筆記（中）已達持有上限，將會送至禮物箱。",224030102
2110039,焦點招募: Y2K♡GALS,"焦點招募: Y2K♡GALS中登場的成員皆為 R 以上稀有度。<br>可使用300個愛心寶石進行1次招募。<br>可使用3,000個愛心寶石進行10次招募，並保證至少獲得1位SR以上成員。<br>每天僅可使用150個付費愛心寶石進行1次付費招募。<br><br>如果招募到已獲得的成員，將自動轉換為螢光棒。<br>*轉換後的螢光棒會直接加入道具，不會送至禮物箱。<br>*如果螢光棒已達持有上限，將會送至禮物箱。<br>*獲得的螢光棒數量會依成員稀有度而定。<br>- UR: 500<br>- SR: 50<br>- R: 20<br><br>此外，將依登場成員數獲得招募 Points [Y2K♡GALS]。<br>獲得的招募點數可在交換所兌換成員、道具等。<br><br>招募期間內未交換的招募點數，將在招募結束時自動轉換為技能筆記（中）。<br>*轉換後的技能筆記（中）會直接加入道具，不會送至禮物箱。<br>*如果技能筆記（中）已達持有上限，將會送至禮物箱。",224030102
3110001,香音's 生日 招募: Harmony Star,"香音's 生日 招募: Harmony Star中登場的成員皆為 R 以上稀有度。<br>可使用300個愛心寶石進行1次招募。<br>可使用3,000個愛心寶石進行10次招募，並保證至少獲得1位SR以上成員。<br>每天僅可使用150個付費愛心寶石進行1次付費招募。<br><br>如果招募到已獲得的成員，將自動轉換為螢光棒。<br>*轉換後的螢光棒會直接加入道具，不會送至禮物箱。<br>*如果螢光棒已達持有上限，將會送至禮物箱。<br>*獲得的螢光棒數量會依成員稀有度而定。<br>- UR: 500<br>- SR: 50<br>- R: 20<br><br>此外，將依登場成員數獲得招募 Points [香音's 生日]。<br>獲得的招募點數可在交換所兌換成員、道具等。<br><br>招募期間內未交換的招募點數，將在招募結束時自動轉換為技能筆記（中）。<br>*轉換後的技能筆記（中）會直接加入道具，不會送至禮物箱。<br>*如果技能筆記（中）已達持有上限，將會送至禮物箱。",223050101
3110002,愛's 生日 招募: Colorful Heroines,"愛's 生日 招募: Colorful Heroines中登場的成員皆為 R 以上稀有度。<br>可使用300個愛心寶石進行1次招募。<br>可使用3,000個愛心寶石進行10次招募，並保證至少獲得1位SR以上成員。<br>每天僅可使用150個付費愛心寶石進行1次付費招募。<br><br>如果招募到已獲得的成員，將自動轉換為螢光棒。<br>*轉換後的螢光棒會直接加入道具，不會送至禮物箱。<br>*如果螢光棒已達持有上限，將會送至禮物箱。<br>*獲得的螢光棒數量會依成員稀有度而定。<br>- UR: 500<br>- SR: 50<br>- R: 20<br><br>此外，將依登場成員數獲得招募 Points [愛's 生日]。<br>獲得的招募點數可在交換所兌換成員、道具等。<br><br>招募期間內未交換的招募點數，將在招募結束時自動轉換為技能筆記（中）。<br>*轉換後的技能筆記（中）會直接加入道具，不會送至禮物箱。<br>*如果技能筆記（中）已達持有上限，將會送至禮物箱。",223053001
3110003,希's 生日 招募: Flower Shower,"希's 生日 招募: Flower Shower中登場的成員皆為 R 以上稀有度。<br>可使用300個愛心寶石進行1次招募。<br>可使用3,000個愛心寶石進行10次招募，並保證至少獲得1位SR以上成員。<br>每天僅可使用150個付費愛心寶石進行1次付費招募。<br><br>如果招募到已獲得的成員，將自動轉換為螢光棒。<br>*轉換後的螢光棒會直接加入道具，不會送至禮物箱。<br>*如果螢光棒已達持有上限，將會送至禮物箱。<br>*獲得的螢光棒數量會依成員稀有度而定。<br>- UR: 500<br>- SR: 50<br>- R: 20<br><br>此外，將依登場成員數獲得招募 Points [希's 生日]。<br>獲得的招募點數可在交換所兌換成員、道具等。<br><br>招募期間內未交換的招募點數，將在招募結束時自動轉換為技能筆記（中）。<br>*轉換後的技能筆記（中）會直接加入道具，不會送至禮物箱。<br>*如果技能筆記（中）已達持有上限，將會送至禮物箱。",223060901
3110004,鞠莉's 生日 招募: Fairy Wings,"鞠莉's 生日 招募: Fairy Wings中登場的成員皆為 R 以上稀有度。<br>可使用300個愛心寶石進行1次招募。<br>可使用3,000個愛心寶石進行10次招募，並保證至少獲得1位SR以上成員。<br>每天僅可使用150個付費愛心寶石進行1次付費招募。<br><br>如果招募到已獲得的成員，將自動轉換為螢光棒。<br>*轉換後的螢光棒會直接加入道具，不會送至禮物箱。<br>*如果螢光棒已達持有上限，將會送至禮物箱。<br>*獲得的螢光棒數量會依成員稀有度而定。<br>- UR: 500<br>- SR: 50<br>- R: 20<br><br>此外，將依登場成員數獲得招募 Points [鞠莉's 生日]。<br>獲得的招募點數可在交換所兌換成員、道具等。<br><br>招募期間內未交換的招募點數，將在招募結束時自動轉換為技能筆記（中）。<br>*轉換後的技能筆記（中）會直接加入道具，不會送至禮物箱。<br>*如果技能筆記（中）已達持有上限，將會送至禮物箱。",223061301
3110005,四季's 生日 招募: Harmony Star,"四季's 生日 招募: Harmony Star中登場的成員皆為 R 以上稀有度。<br>可使用300個愛心寶石進行1次招募。<br>可使用3,000個愛心寶石進行10次招募，並保證至少獲得1位SR以上成員。<br>每天僅可使用150個付費愛心寶石進行1次付費招募。<br><br>如果招募到已獲得的成員，將自動轉換為螢光棒。<br>*轉換後的螢光棒會直接加入道具，不會送至禮物箱。<br>*如果螢光棒已達持有上限，將會送至禮物箱。<br>*獲得的螢光棒數量會依成員稀有度而定。<br>- UR: 500<br>- SR: 50<br>- R: 20<br><br>此外，將依登場成員數獲得招募 Points [四季's 生日]。<br>獲得的招募點數可在交換所兌換成員、道具等。<br><br>招募期間內未交換的招募點數，將在招募結束時自動轉換為技能筆記（中）。<br>*轉換後的技能筆記（中）會直接加入道具，不會送至禮物箱。<br>*如果技能筆記（中）已達持有上限，將會送至禮物箱。",223061701
3110006,果林's 生日 招募: Colorful Heroines,"果林's 生日 招募: Colorful Heroines中登場的成員皆為 R 以上稀有度。<br>可使用300個愛心寶石進行1次招募。<br>可使用3,000個愛心寶石進行10次招募，並保證至少獲得1位SR以上成員。<br>每天僅可使用150個付費愛心寶石進行1次付費招募。<br><br>如果招募到已獲得的成員，將自動轉換為螢光棒。<br>*轉換後的螢光棒會直接加入道具，不會送至禮物箱。<br>*如果螢光棒已達持有上限，將會送至禮物箱。<br>*獲得的螢光棒數量會依成員稀有度而定。<br>- UR: 500<br>- SR: 50<br>- R: 20<br><br>此外，將依登場成員數獲得招募 Points [果林's 生日]。<br>獲得的招募點數可在交換所兌換成員、道具等。<br><br>招募期間內未交換的招募點數，將在招募結束時自動轉換為技能筆記（中）。<br>*轉換後的技能筆記（中）會直接加入道具，不會送至禮物箱。<br>*如果技能筆記（中）已達持有上限，將會送至禮物箱。",223062901
3110007,善子's 生日 招募: Fairy Wings,"善子's 生日 招募: Fairy Wings中登場的成員皆為 R 以上稀有度。<br>可使用300個愛心寶石進行1次招募。<br>可使用3,000個愛心寶石進行10次招募，並保證至少獲得1位SR以上成員。<br>每天僅可使用150個付費愛心寶石進行1次付費招募。<br><br>如果招募到已獲得的成員，將自動轉換為螢光棒。<br>*轉換後的螢光棒會直接加入道具，不會送至禮物箱。<br>*如果螢光棒已達持有上限，將會送至禮物箱。<br>*獲得的螢光棒數量會依成員稀有度而定。<br>- UR: 500<br>- SR: 50<br>- R: 20<br><br>此外，將依登場成員數獲得招募 Points [善子's 生日]。<br>獲得的招募點數可在交換所兌換成員、道具等。<br><br>招募期間內未交換的招募點數，將在招募結束時自動轉換為技能筆記（中）。<br>*轉換後的技能筆記（中）會直接加入道具，不會送至禮物箱。<br>*如果技能筆記（中）已達持有上限，將會送至禮物箱。",223071301
3110008,可可's 生日 招募: Harmony Star,"可可's 生日 招募: Harmony Star中登場的成員皆為 R 以上稀有度。<br>可使用300個愛心寶石進行1次招募。<br>可使用3,000個愛心寶石進行10次招募，並保證至少獲得1位SR以上成員。<br>每天僅可使用150個付費愛心寶石進行1次付費招募。<br><br>如果招募到已獲得的成員，將自動轉換為螢光棒。<br>*轉換後的螢光棒會直接加入道具，不會送至禮物箱。<br>*如果螢光棒已達持有上限，將會送至禮物箱。<br>*獲得的螢光棒數量會依成員稀有度而定。<br>- UR: 500<br>- SR: 50<br>- R: 20<br><br>此外，將依登場成員數獲得招募 Points [可可's 生日]。<br>獲得的招募點數可在交換所兌換成員、道具等。<br><br>招募期間內未交換的招募點數，將在招募結束時自動轉換為技能筆記（中）。<br>*轉換後的技能筆記（中）會直接加入道具，不會送至禮物箱。<br>*如果技能筆記（中）已達持有上限，將會送至禮物箱。",223071702
3110009,妮可's 生日 招募: Flower Shower,"妮可's 生日 招募: Flower Shower中登場的成員皆為 R 以上稀有度。<br>可使用300個愛心寶石進行1次招募。<br>可使用3,000個愛心寶石進行10次招募，並保證至少獲得1位SR以上成員。<br>每天僅可使用150個付費愛心寶石進行1次付費招募。<br><br>如果招募到已獲得的成員，將自動轉換為螢光棒。<br>*轉換後的螢光棒會直接加入道具，不會送至禮物箱。<br>*如果螢光棒已達持有上限，將會送至禮物箱。<br>*獲得的螢光棒數量會依成員稀有度而定。<br>- UR: 500<br>- SR: 50<br>- R: 20<br><br>此外，將依登場成員數獲得招募 Points [妮可's 生日]。<br>獲得的招募點數可在交換所兌換成員、道具等。<br><br>招募期間內未交換的招募點數，將在招募結束時自動轉換為技能筆記（中）。<br>*轉換後的技能筆記（中）會直接加入道具，不會送至禮物箱。<br>*如果技能筆記（中）已達持有上限，將會送至禮物箱。",223072201
3110010,千歌's 生日 招募: Fairy Wings,"千歌's 生日 招募: Fairy Wings中登場的成員皆為 R 以上稀有度。<br>可使用300個愛心寶石進行1次招募。<br>可使用3,000個愛心寶石進行10次招募，並保證至少獲得1位SR以上成員。<br>每天僅可使用150個付費愛心寶石進行1次付費招募。<br><br>如果招募到已獲得的成員，將自動轉換為螢光棒。<br>*轉換後的螢光棒會直接加入道具，不會送至禮物箱。<br>*如果螢光棒已達持有上限，將會送至禮物箱。<br>*獲得的螢光棒數量會依成員稀有度而定。<br>- UR: 500<br>- SR: 50<br>- R: 20<br><br>此外，將依登場成員數獲得招募 Points [千歌's 生日]。<br>獲得的招募點數可在交換所兌換成員、道具等。<br><br>招募期間內未交換的招募點數，將在招募結束時自動轉換為技能筆記（中）。<br>*轉換後的技能筆記（中）會直接加入道具，不會送至禮物箱。<br>*如果技能筆記（中）已達持有上限，將會送至禮物箱。",223080102
3110011,穗乃果's 生日 招募: Flower Shower,"穗乃果's 生日 招募: Flower Shower中登場的成員皆為 R 以上稀有度。<br>可使用300個愛心寶石進行1次招募。<br>可使用3,000個愛心寶石進行10次招募，並保證至少獲得1位SR以上成員。<br>每天僅可使用150個付費愛心寶石進行1次付費招募。<br><br>如果招募到已獲得的成員，將自動轉換為螢光棒。<br>*轉換後的螢光棒會直接加入道具，不會送至禮物箱。<br>*如果螢光棒已達持有上限，將會送至禮物箱。<br>*獲得的螢光棒數量會依成員稀有度而定。<br>- UR: 500<br>- SR: 50<br>- R: 20<br><br>此外，將依登場成員數獲得招募 Points [穗乃果's 生日]。<br>獲得的招募點數可在交換所兌換成員、道具等。<br><br>招募期間內未交換的招募點數，將在招募結束時自動轉換為技能筆記（中）。<br>*轉換後的技能筆記（中）會直接加入道具，不會送至禮物箱。<br>*如果技能筆記（中）已達持有上限，將會送至禮物箱。",223080303
3110012,夏美's 生日 招募: Harmony Star,"夏美's 生日 招募: Harmony Star中登場的成員皆為 R 以上稀有度。<br>可使用300個愛心寶石進行1次招募。<br>可使用3,000個愛心寶石進行10次招募，並保證至少獲得1位SR以上成員。<br>每天僅可使用150個付費愛心寶石進行1次付費招募。<br><br>如果招募到已獲得的成員，將自動轉換為螢光棒。<br>*轉換後的螢光棒會直接加入道具，不會送至禮物箱。<br>*如果螢光棒已達持有上限，將會送至禮物箱。<br>*獲得的螢光棒數量會依成員稀有度而定。<br>- UR: 500<br>- SR: 50<br>- R: 20<br><br>此外，將依登場成員數獲得招募 Points [夏美's 生日]。<br>獲得的招募點數可在交換所兌換成員、道具等。<br><br>招募期間內未交換的招募點數，將在招募結束時自動轉換為技能筆記（中）。<br>*轉換後的技能筆記（中）會直接加入道具，不會送至禮物箱。<br>*如果技能筆記（中）已達持有上限，將會送至禮物箱。",223080701
3110013,雪菜's 生日 招募: Colorful Heroines,"雪菜's 生日 招募: Colorful Heroines中登場的成員皆為 R 以上稀有度。<br>可使用300個愛心寶石進行1次招募。<br>可使用3,000個愛心寶石進行10次招募，並保證至少獲得1位SR以上成員。<br>每天僅可使用150個付費愛心寶石進行1次付費招募。<br><br>如果招募到已獲得的成員，將自動轉換為螢光棒。<br>*轉換後的螢光棒會直接加入道具，不會送至禮物箱。<br>*如果螢光棒已達持有上限，將會送至禮物箱。<br>*獲得的螢光棒數量會依成員稀有度而定。<br>- UR: 500<br>- SR: 50<br>- R: 20<br><br>此外，將依登場成員數獲得招募 Points [雪菜's 生日]。<br>獲得的招募點數可在交換所兌換成員、道具等。<br><br>招募期間內未交換的招募點數，將在招募結束時自動轉換為技能筆記（中）。<br>*轉換後的技能筆記（中）會直接加入道具，不會送至禮物箱。<br>*如果技能筆記（中）已達持有上限，將會送至禮物箱。",223080801
3110014,小鳥's 生日 招募: Flower Shower,"小鳥's 生日 招募: Flower Shower中登場的成員皆為 R 以上稀有度。<br>可使用300個愛心寶石進行1次招募。<br>可使用3,000個愛心寶石進行10次招募，並保證至少獲得1位SR以上成員。<br>每天僅可使用150個付費愛心寶石進行1次付費招募。<br><br>如果招募到已獲得的成員，將自動轉換為螢光棒。<br>*轉換後的螢光棒會直接加入道具，不會送至禮物箱。<br>*如果螢光棒已達持有上限，將會送至禮物箱。<br>*獲得的螢光棒數量會依成員稀有度而定。<br>- UR: 500<br>- SR: 50<br>- R: 20<br><br>此外，將依登場成員數獲得招募 Points [小鳥's 生日]。<br>獲得的招募點數可在交換所兌換成員、道具等。<br><br>招募期間內未交換的招募點數，將在招募結束時自動轉換為技能筆記（中）。<br>*轉換後的技能筆記（中）會直接加入道具，不會送至禮物箱。<br>*如果技能筆記（中）已達持有上限，將會送至禮物箱。",223091201
3110015,梨子's 生日 招募: Fairy Wings,"梨子's 生日 招募: Fairy Wings中登場的成員皆為 R 以上稀有度。<br>可使用300個愛心寶石進行1次招募。<br>可使用3,000個愛心寶石進行10次招募，並保證至少獲得1位SR以上成員。<br>每天僅可使用150個付費愛心寶石進行1次付費招募。<br><br>如果招募到已獲得的成員，將自動轉換為螢光棒。<br>*轉換後的螢光棒會直接加入道具，不會送至禮物箱。<br>*如果螢光棒已達持有上限，將會送至禮物箱。<br>*獲得的螢光棒數量會依成員稀有度而定。<br>- UR: 500<br>- SR: 50<br>- R: 20<br><br>此外，將依登場成員數獲得招募 Points [梨子's 生日]。<br>獲得的招募點數可在交換所兌換成員、道具等。<br><br>招募期間內未交換的招募點數，將在招募結束時自動轉換為技能筆記（中）。<br>*轉換後的技能筆記（中）會直接加入道具，不會送至禮物箱。<br>*如果技能筆記（中）已達持有上限，將會送至禮物箱。",223091901
3110016,露比's 生日 招募: Fairy Wings,"露比's 生日 招募: Fairy Wings中登場的成員皆為 R 以上稀有度。<br>可使用300個愛心寶石進行1次招募。<br>可使用3,000個愛心寶石進行10次招募，並保證至少獲得1位SR以上成員。<br>每天僅可使用150個付費愛心寶石進行1次付費招募。<br><br>如果招募到已獲得的成員，將自動轉換為螢光棒。<br>*轉換後的螢光棒會直接加入道具，不會送至禮物箱。<br>*如果螢光棒已達持有上限，將會送至禮物箱。<br>*獲得的螢光棒數量會依成員稀有度而定。<br>- UR: 500<br>- SR: 50<br>- R: 20<br><br>此外，將依登場成員數獲得招募 Points [露比's 生日]。<br>獲得的招募點數可在交換所兌換成員、道具等。<br><br>招募期間內未交換的招募點數，將在招募結束時自動轉換為技能筆記（中）。<br>*轉換後的技能筆記（中）會直接加入道具，不會送至禮物箱。<br>*如果技能筆記（中）已達持有上限，將會送至禮物箱。",223092101
3110017,堇's 生日 招募: Harmony Star,"堇's 生日 招募: Harmony Star中登場的成員皆為 R 以上稀有度。<br>可使用300個愛心寶石進行1次招募。<br>可使用3,000個愛心寶石進行10次招募，並保證至少獲得1位SR以上成員。<br>每天僅可使用150個付費愛心寶石進行1次付費招募。<br><br>如果招募到已獲得的成員，將自動轉換為螢光棒。<br>*轉換後的螢光棒會直接加入道具，不會送至禮物箱。<br>*如果螢光棒已達持有上限，將會送至禮物箱。<br>*獲得的螢光棒數量會依成員稀有度而定。<br>- UR: 500<br>- SR: 50<br>- R: 20<br><br>此外，將依登場成員數獲得招募 Points [堇's 生日]。<br>獲得的招募點數可在交換所兌換成員、道具等。<br><br>招募期間內未交換的招募點數，將在招募結束時自動轉換為技能筆記（中）。<br>*轉換後的技能筆記（中）會直接加入道具，不會送至禮物箱。<br>*如果技能筆記（中）已達持有上限，將會送至禮物箱。",223092801
3110018,栞子's 生日 招募: Colorful Heroines,"栞子's 生日 招募: Colorful Heroines are 成員於虹咲學園學園偶像同好會的稀有度 R與above.<br>可使用300個愛心寶石進行1次招募。<br>可使用3,000個愛心寶石進行10次招募，並保證至少獲得1位SR以上成員。<br>每天僅可使用150個付費愛心寶石進行1次付費招募。<br>10 招募 可以進行 just1次 期間 campaign透過使用 2,000 付費愛心寶石.<br><br>如果招募到已獲得的成員，將自動轉換為螢光棒。<br>*轉換後的螢光棒會直接加入道具，不會送至禮物箱。<br>*如果螢光棒已達持有上限，將會送至禮物箱。<br>*獲得的螢光棒數量會依成員稀有度而定。<br>- UR: 500<br>- SR: 50<br>- R: 20<br><br>此外，將依登場成員數獲得招募 Points [栞子's 生日]。<br>獲得的招募點數可在交換所兌換成員、道具等。<br><br>招募期間內未交換的招募點數，將在招募結束時自動轉換為技能筆記（中）。<br>*轉換後的技能筆記（中）會直接加入道具，不會送至禮物箱。<br>*如果技能筆記（中）已達持有上限，將會送至禮物箱。",223100502
3110019,繪里's 生日 招募: Flower Shower,"繪里's 生日 招募: Flower Shower are 成員於μ'ｓ的稀有度 R與above.<br>可使用300個愛心寶石進行1次招募。<br>可使用3,000個愛心寶石進行10次招募，並保證至少獲得1位SR以上成員。<br>每天僅可使用150個付費愛心寶石進行1次付費招募。<br>10 招募 可以進行 just1次 期間 campaign透過使用 2,000 付費愛心寶石.<br><br>如果招募到已獲得的成員，將自動轉換為螢光棒。<br>*轉換後的螢光棒會直接加入道具，不會送至禮物箱。<br>*如果螢光棒已達持有上限，將會送至禮物箱。<br>*獲得的螢光棒數量會依成員稀有度而定。<br>- UR: 500<br>- SR: 50<br>- R: 20<br><br>此外，將依登場成員數獲得招募 Points [繪里's 生日]。<br>獲得的招募點數可在交換所兌換成員、道具等。<br><br>招募期間內未交換的招募點數，將在招募結束時自動轉換為技能筆記（中）。<br>*轉換後的技能筆記（中）會直接加入道具，不會送至禮物箱。<br>*如果技能筆記（中）已達持有上限，將會送至禮物箱。",223102101
3110020,芽衣's 生日 招募: Harmony Star,"芽衣's 生日 招募: Harmony Star are 成員於Liella！的 稀有度 R與above.<br>可使用300個愛心寶石進行1次招募。<br>可使用3,000個愛心寶石進行10次招募，並保證至少獲得1位SR以上成員。<br>每天僅可使用150個付費愛心寶石進行1次付費招募。<br>10 招募 可以進行 just1次 期間 campaign透過使用 2,000 付費愛心寶石.<br><br>如果招募到已獲得的成員，將自動轉換為螢光棒。<br>*轉換後的螢光棒會直接加入道具，不會送至禮物箱。<br>*如果螢光棒已達持有上限，將會送至禮物箱。<br>*獲得的螢光棒數量會依成員稀有度而定。<br>- UR: 500<br>- SR: 50<br>- R: 20<br><br>此外，將依登場成員數獲得招募 Points [芽衣's 生日]。<br>獲得的招募點數可在交換所兌換成員、道具等。<br><br>招募期間內未交換的招募點數，將在招募結束時自動轉換為技能筆記（中）。<br>*轉換後的技能筆記（中）會直接加入道具，不會送至禮物箱。<br>*如果技能筆記（中）已達持有上限，將會送至禮物箱。",223102901
3110021,凜's 生日 招募: Flower Shower,"凜's 生日 招募: Flower Shower are 成員於μ'ｓ的稀有度 R與above.<br>可使用300個愛心寶石進行1次招募。<br>可使用3,000個愛心寶石進行10次招募，並保證至少獲得1位SR以上成員。<br>每天僅可使用150個付費愛心寶石進行1次付費招募。<br>10 招募 可以進行 just1次 期間 campaign透過使用 2,000 付費愛心寶石.<br><br>如果招募到已獲得的成員，將自動轉換為螢光棒。<br>*轉換後的螢光棒會直接加入道具，不會送至禮物箱。<br>*如果螢光棒已達持有上限，將會送至禮物箱。<br>*獲得的螢光棒數量會依成員稀有度而定。<br>- UR: 500<br>- SR: 50<br>- R: 20<br><br>此外，將依登場成員數獲得招募 Points [凜's 生日]。<br>獲得的招募點數可在交換所兌換成員、道具等。<br><br>招募期間內未交換的招募點數，將在招募結束時自動轉換為技能筆記（中）。<br>*轉換後的技能筆記（中）會直接加入道具，不會送至禮物箱。<br>*如果技能筆記（中）已達持有上限，將會送至禮物箱。",223110101
3110022,璃奈's 生日 招募: Colorful Heroines,"璃奈's 生日 招募: Colorful Heroines are 成員於虹咲學園學園偶像同好會的稀有度 R與above.<br>可使用300個愛心寶石進行1次招募。<br>可使用3,000個愛心寶石進行10次招募，並保證至少獲得1位SR以上成員。<br>每天僅可使用150個付費愛心寶石進行1次付費招募。<br>10 招募 可以進行 just1次 期間 campaign透過使用 2,000 付費愛心寶石.<br><br>如果招募到已獲得的成員，將自動轉換為螢光棒。<br>*轉換後的螢光棒會直接加入道具，不會送至禮物箱。<br>*如果螢光棒已達持有上限，將會送至禮物箱。<br>*獲得的螢光棒數量會依成員稀有度而定。<br>- UR: 500<br>- SR: 50<br>- R: 20<br><br>此外，將依登場成員數獲得招募 Points [璃奈's 生日]。<br>獲得的招募點數可在交換所兌換成員、道具等。<br><br>招募期間內未交換的招募點數，將在招募結束時自動轉換為技能筆記（中）。<br>*轉換後的技能筆記（中）會直接加入道具，不會送至禮物箱。<br>*如果技能筆記（中）已達持有上限，將會送至禮物箱。",223111301
3110023,戀's 生日 招募: Harmony Star,"戀's 生日 招募: Harmony Star are 成員於Liella！的 稀有度 R與above.<br>可使用300個愛心寶石進行1次招募。<br>可使用3,000個愛心寶石進行10次招募，並保證至少獲得1位SR以上成員。<br>每天僅可使用150個付費愛心寶石進行1次付費招募。<br>10 招募 可以進行 just1次 期間 campaign透過使用 2,000 付費愛心寶石.<br><br>如果招募到已獲得的成員，將自動轉換為螢光棒。<br>*轉換後的螢光棒會直接加入道具，不會送至禮物箱。<br>*如果螢光棒已達持有上限，將會送至禮物箱。<br>*獲得的螢光棒數量會依成員稀有度而定。<br>- UR: 500<br>- SR: 50<br>- R: 20<br><br>此外，將依登場成員數獲得招募 Points [戀's 生日]。<br>獲得的招募點數可在交換所兌換成員、道具等。<br><br>招募期間內未交換的招募點數，將在招募結束時自動轉換為技能筆記（中）。<br>*轉換後的技能筆記（中）會直接加入道具，不會送至禮物箱。<br>*如果技能筆記（中）已達持有上限，將會送至禮物箱。",223112401
3110024,米雅's 生日 招募: Colorful Heroines,"米雅's 生日 招募: Colorful Heroines are 成員於虹咲學園學園偶像同好會的稀有度 R與above.<br>可使用300個愛心寶石進行1次招募。<br>可使用3,000個愛心寶石進行10次招募，並保證至少獲得1位SR以上成員。<br>每天僅可使用150個付費愛心寶石進行1次付費招募。<br>10 招募 可以進行 just1次 期間 campaign透過使用 2,000 付費愛心寶石.<br><br>如果招募到已獲得的成員，將自動轉換為螢光棒。<br>*轉換後的螢光棒會直接加入道具，不會送至禮物箱。<br>*如果螢光棒已達持有上限，將會送至禮物箱。<br>*獲得的螢光棒數量會依成員稀有度而定。<br>- UR: 500<br>- SR: 50<br>- R: 20<br><br>此外，將依登場成員數獲得招募 Points [米雅's 生日]。<br>獲得的招募點數可在交換所兌換成員、道具等。<br><br>招募期間內未交換的招募點數，將在招募結束時自動轉換為技能筆記（中）。<br>*轉換後的技能筆記（中）會直接加入道具，不會送至禮物箱。<br>*如果技能筆記（中）已達持有上限，將會送至禮物箱。",223120601
3110025,彼方's 生日 招募: Colorful Heroines,"彼方's 生日 招募: Colorful Heroines are 成員於虹咲學園學園偶像同好會的稀有度 R與above.<br>可使用300個愛心寶石進行1次招募。<br>可使用3,000個愛心寶石進行10次招募，並保證至少獲得1位SR以上成員。<br>每天僅可使用150個付費愛心寶石進行1次付費招募。<br>10 招募 可以進行 just1次 期間 campaign透過使用 2,000 付費愛心寶石.<br><br>如果招募到已獲得的成員，將自動轉換為螢光棒。<br>*轉換後的螢光棒會直接加入道具，不會送至禮物箱。<br>*如果螢光棒已達持有上限，將會送至禮物箱。<br>*獲得的螢光棒數量會依成員稀有度而定。<br>- UR: 500<br>- SR: 50<br>- R: 20<br><br>此外，將依登場成員數獲得招募 Points [彼方's 生日]。<br>獲得的招募點數可在交換所兌換成員、道具等。<br><br>招募期間內未交換的招募點數，將在招募結束時自動轉換為技能筆記（中）。<br>*轉換後的技能筆記（中）會直接加入道具，不會送至禮物箱。<br>*如果技能筆記（中）已達持有上限，將會送至禮物箱。",223121601
3110026,冬毬's 生日 招募: Harmony Star,"冬毬's 生日 招募: Harmony Star are 成員於Liella！的 稀有度 R與above.<br>可使用300個愛心寶石進行1次招募。<br>可使用3,000個愛心寶石進行10次招募，並保證至少獲得1位SR以上成員。<br>每天僅可使用150個付費愛心寶石進行1次付費招募。<br>10 招募 可以進行 just1次 期間 campaign透過使用 2,000 付費愛心寶石.<br><br>如果招募到已獲得的成員，將自動轉換為螢光棒。<br>*轉換後的螢光棒會直接加入道具，不會送至禮物箱。<br>*如果螢光棒已達持有上限，將會送至禮物箱。<br>*獲得的螢光棒數量會依成員稀有度而定。<br>- UR: 500<br>- SR: 50<br>- R: 20<br><br>此外，將依登場成員數獲得招募 Points [冬毬's 生日]。<br>獲得的招募點數可在交換所兌換成員、道具等。<br><br>招募期間內未交換的招募點數，將在招募結束時自動轉換為技能筆記（中）。<br>*轉換後的技能筆記（中）會直接加入道具，不會送至禮物箱。<br>*如果技能筆記（中）已達持有上限，將會送至禮物箱。",223122801
3110027,黛雅's 生日 招募: Fairy Wings,"黛雅's 生日 招募: Fairy Wings are 成員於Aqours的稀有度 R與above.<br>可使用300個愛心寶石進行1次招募。<br>可使用3,000個愛心寶石進行10次招募，並保證至少獲得1位SR以上成員。<br>每天僅可使用150個付費愛心寶石進行1次付費招募。<br>10 招募 可以進行 just1次 期間 campaign透過使用 2,000 付費愛心寶石.<br><br>如果招募到已獲得的成員，將自動轉換為螢光棒。<br>*轉換後的螢光棒會直接加入道具，不會送至禮物箱。<br>*如果螢光棒已達持有上限，將會送至禮物箱。<br>*獲得的螢光棒數量會依成員稀有度而定。<br>- UR: 500<br>- SR: 50<br>- R: 20<br><br>此外，將依登場成員數獲得招募 Points [黛雅's 生日]。<br>獲得的招募點數可在交換所兌換成員、道具等。<br><br>招募期間內未交換的招募點數，將在招募結束時自動轉換為技能筆記（中）。<br>*轉換後的技能筆記（中）會直接加入道具，不會送至禮物箱。<br>*如果技能筆記（中）已達持有上限，將會送至禮物箱。",224010103
3110028,花陽's 生日 招募: Flower Shower,"花陽's 生日 招募: Flower Shower are 成員於μ's的稀有度 R與above.<br>可使用300個愛心寶石進行1次招募。<br>可使用3,000個愛心寶石進行10次招募，並保證至少獲得1位SR以上成員。<br>每天僅可使用150個付費愛心寶石進行1次付費招募。<br>10 招募 可以進行 just1次 期間 campaign透過使用 2,000 付費愛心寶石.<br><br>如果招募到已獲得的成員，將自動轉換為螢光棒。<br>*轉換後的螢光棒會直接加入道具，不會送至禮物箱。<br>*如果螢光棒已達持有上限，將會送至禮物箱。<br>*獲得的螢光棒數量會依成員稀有度而定。<br>- UR: 500<br>- SR: 50<br>- R: 20<br><br>此外，將依登場成員數獲得招募 Points [花陽's 生日]。<br>獲得的招募點數可在交換所兌換成員、道具等。<br><br>招募期間內未交換的招募點數，將在招募結束時自動轉換為技能筆記（中）。<br>*轉換後的技能筆記（中）會直接加入道具，不會送至禮物箱。<br>*如果技能筆記（中）已達持有上限，將會送至禮物箱。",224011702
3110029,瑪格麗特e's 生日 招募: Harmony Star,"瑪格麗特e's 生日 招募: Harmony Star are 成員於Liella！的 稀有度 R與above.<br>可使用300個愛心寶石進行1次招募。<br>可使用3,000個愛心寶石進行10次招募，並保證至少獲得1位SR以上成員。<br>每天僅可使用150個付費愛心寶石進行1次付費招募。<br>10 招募 可以進行 just1次 期間 campaign透過使用 2,000 付費愛心寶石.<br><br>如果招募到已獲得的成員，將自動轉換為螢光棒。<br>*轉換後的螢光棒會直接加入道具，不會送至禮物箱。<br>*如果螢光棒已達持有上限，將會送至禮物箱。<br>*獲得的螢光棒數量會依成員稀有度而定。<br>- UR: 500<br>- SR: 50<br>- R: 20<br><br>此外，將依登場成員數獲得招募 Points [瑪格麗特e's 生日]。<br>獲得的招募點數可在交換所兌換成員、道具等。<br><br>招募期間內未交換的招募點數，將在招募結束時自動轉換為技能筆記（中）。<br>*轉換後的技能筆記（中）會直接加入道具，不會送至禮物箱。<br>*如果技能筆記（中）已達持有上限，將會送至禮物箱。",224012002
3110030,霞's 生日 招募: Colorful Heroines,"霞's 生日 招募: Colorful Heroines are 成員於虹咲的稀有度 R與above.<br>可使用300個愛心寶石進行1次招募。<br>可使用3,000個愛心寶石進行10次招募，並保證至少獲得1位SR以上成員。<br>每天僅可使用150個付費愛心寶石進行1次付費招募。<br>10 招募 可以進行 just1次 期間 campaign透過使用 2,000 付費愛心寶石.<br><br>如果招募到已獲得的成員，將自動轉換為螢光棒。<br>*轉換後的螢光棒會直接加入道具，不會送至禮物箱。<br>*如果螢光棒已達持有上限，將會送至禮物箱。<br>*獲得的螢光棒數量會依成員稀有度而定。<br>- UR: 500<br>- SR: 50<br>- R: 20<br><br>此外，將依登場成員數獲得招募 Points [霞's 生日]。<br>獲得的招募點數可在交換所兌換成員、道具等。<br><br>招募期間內未交換的招募點數，將在招募結束時自動轉換為技能筆記（中）。<br>*轉換後的技能筆記（中）會直接加入道具，不會送至禮物箱。<br>*如果技能筆記（中）已達持有上限，將會送至禮物箱。",224012302
3110031,艾瑪's 生日 招募: Colorful Heroines,"艾瑪's 生日 招募: Colorful Heroines are 成員於虹咲的稀有度 R與above.<br>可使用300個愛心寶石進行1次招募。<br>可使用3,000個愛心寶石進行10次招募，並保證至少獲得1位SR以上成員。<br>每天僅可使用150個付費愛心寶石進行1次付費招募。<br>10 招募 可以進行 just1次 期間 campaign透過使用 2,000 付費愛心寶石.<br><br>如果招募到已獲得的成員，將自動轉換為螢光棒。<br>*轉換後的螢光棒會直接加入道具，不會送至禮物箱。<br>*如果螢光棒已達持有上限，將會送至禮物箱。<br>*獲得的螢光棒數量會依成員稀有度而定。<br>- UR: 500<br>- SR: 50<br>- R: 20<br><br>此外，將依登場成員數獲得招募 Points [艾瑪's 生日]。<br>獲得的招募點數可在交換所兌換成員、道具等。<br><br>招募期間內未交換的招募點數，將在招募結束時自動轉換為技能筆記（中）。<br>*轉換後的技能筆記（中）會直接加入道具，不會送至禮物箱。<br>*如果技能筆記（中）已達持有上限，將會送至禮物箱。",224020502
3110032,果南's 生日 招募: Fairy Wings,"果南's 生日 招募: Fairy Wings are 成員於Aqours的稀有度 R與above.<br>可使用300個愛心寶石進行1次招募。<br>可使用3,000個愛心寶石進行10次招募，並保證至少獲得1位SR以上成員。<br>每天僅可使用150個付費愛心寶石進行1次付費招募。<br>10 招募 可以進行 just1次 期間 campaign透過使用 2,000 付費愛心寶石.<br><br>如果招募到已獲得的成員，將自動轉換為螢光棒。<br>*轉換後的螢光棒會直接加入道具，不會送至禮物箱。<br>*如果螢光棒已達持有上限，將會送至禮物箱。<br>*獲得的螢光棒數量會依成員稀有度而定。<br>- UR: 500<br>- SR: 50<br>- R: 20<br><br>此外，將依登場成員數獲得招募 Points [果南's 生日]。<br>獲得的招募點數可在交換所兌換成員、道具等。<br><br>招募期間內未交換的招募點數，將在招募結束時自動轉換為技能筆記（中）。<br>*轉換後的技能筆記（中）會直接加入道具，不會送至禮物箱。<br>*如果技能筆記（中）已達持有上限，將會送至禮物箱。",224021004
3110033,嵐珠's 生日 招募: Colorful Heroines,"嵐珠's 生日 招募: Colorful Heroines are 成員於虹咲的稀有度 R與above.<br>可使用300個愛心寶石進行1次招募。<br>可使用3,000個愛心寶石進行10次招募，並保證至少獲得1位SR以上成員。<br>每天僅可使用150個付費愛心寶石進行1次付費招募。<br>10 招募 可以進行 just1次 期間 campaign透過使用 2,000 付費愛心寶石.<br><br>如果招募到已獲得的成員，將自動轉換為螢光棒。<br>*轉換後的螢光棒會直接加入道具，不會送至禮物箱。<br>*如果螢光棒已達持有上限，將會送至禮物箱。<br>*獲得的螢光棒數量會依成員稀有度而定。<br>- UR: 500<br>- SR: 50<br>- R: 20<br><br>此外，將依登場成員數獲得招募 Points [嵐珠's 生日]。<br>獲得的招募點數可在交換所兌換成員、道具等。<br><br>招募期間內未交換的招募點數，將在招募結束時自動轉換為技能筆記（中）。<br>*轉換後的技能筆記（中）會直接加入道具，不會送至禮物箱。<br>*如果技能筆記（中）已達持有上限，將會送至禮物箱。",224021502
3110034,千砂都's 生日 招募: Harmony Star,"千砂都's 生日 招募: Harmony Star are 成員於Liella！的 稀有度 R與above.<br>可使用300個愛心寶石進行1次招募。<br>可使用3,000個愛心寶石進行10次招募，並保證至少獲得1位SR以上成員。<br>每天僅可使用150個付費愛心寶石進行1次付費招募。<br>10 招募 可以進行 just1次 期間 campaign透過使用 2,000 付費愛心寶石.<br><br>如果招募到已獲得的成員，將自動轉換為螢光棒。<br>*轉換後的螢光棒會直接加入道具，不會送至禮物箱。<br>*如果螢光棒已達持有上限，將會送至禮物箱。<br>*獲得的螢光棒數量會依成員稀有度而定。<br>- UR: 500<br>- SR: 50<br>- R: 20<br><br>此外，將依登場成員數獲得招募 Points [千砂都's 生日]。<br>獲得的招募點數可在交換所兌換成員、道具等。<br><br>招募期間內未交換的招募點數，將在招募結束時自動轉換為技能筆記（中）。<br>*轉換後的技能筆記（中）會直接加入道具，不會送至禮物箱。<br>*如果技能筆記（中）已達持有上限，將會送至禮物箱。",224022502
3110035,步夢's 生日 招募: Colorful Heroines,"步夢's 生日 招募: Colorful Heroines are 成員於虹咲的稀有度 R與above.<br>可使用300個愛心寶石進行1次招募。<br>可使用3,000個愛心寶石進行10次招募，並保證至少獲得1位SR以上成員。<br>每天僅可使用150個付費愛心寶石進行1次付費招募。<br>10 招募 可以進行 just1次 期間 campaign透過使用 2,000 付費愛心寶石.<br><br>如果招募到已獲得的成員，將自動轉換為螢光棒。<br>*轉換後的螢光棒會直接加入道具，不會送至禮物箱。<br>*如果螢光棒已達持有上限，將會送至禮物箱。<br>*獲得的螢光棒數量會依成員稀有度而定。<br>- UR: 500<br>- SR: 50<br>- R: 20<br><br>此外，將依登場成員數獲得招募 Points [步夢's 生日]。<br>獲得的招募點數可在交換所兌換成員、道具等。<br><br>招募期間內未交換的招募點數，將在招募結束時自動轉換為技能筆記（中）。<br>*轉換後的技能筆記（中）會直接加入道具，不會送至禮物箱。<br>*如果技能筆記（中）已達持有上限，將會送至禮物箱。",224030107
3110036,花丸's 生日 招募: Fairy Wings,"花丸's 生日 招募: Fairy Wings are 成員於Aqours的稀有度 R與above.<br>可使用300個愛心寶石進行1次招募。<br>可使用3,000個愛心寶石進行10次招募，並保證至少獲得1位SR以上成員。<br>每天僅可使用150個付費愛心寶石進行1次付費招募。<br>10 招募 可以進行 just1次 期間 campaign透過使用 2,000 付費愛心寶石.<br><br>如果招募到已獲得的成員，將自動轉換為螢光棒。<br>*轉換後的螢光棒會直接加入道具，不會送至禮物箱。<br>*如果螢光棒已達持有上限，將會送至禮物箱。<br>*獲得的螢光棒數量會依成員稀有度而定。<br>- UR: 500<br>- SR: 50<br>- R: 20<br><br>此外，將依登場成員數獲得招募 Points [花丸's 生日]。<br>獲得的招募點數可在交換所兌換成員、道具等。<br><br>招募期間內未交換的招募點數，將在招募結束時自動轉換為技能筆記（中）。<br>*轉換後的技能筆記（中）會直接加入道具，不會送至禮物箱。<br>*如果技能筆記（中）已達持有上限，將會送至禮物箱。",224030402
3110037,海未's 生日 招募～Flower Shower～,海未's 生日 招募～Flower Shower～ will definitely feature 成員的μ's R 或 above.<br>1 time 招募 can be carried out與300 愛心寶石.<br>10 times 招募 can be carried out與3000 愛心寶石，與至少1位 成員的SR 或 above will definitely join.<br>1 time 付費 招募 can be carried out only1次 day與150 付費 愛心寶石.<br>10 times 付費 招募 can be carried out only1次 期間 期間與2000 付費 愛心寶石.<br><br>If 成員 who has already joined club appears，it will be 自動轉換至螢光棒.<br>*轉換後的 螢光棒 will be added directly without going through presents.<br>*If you have reached possession limit為螢光棒，you will 獲得 them as present.<br>* 數量的螢光棒 獲得 varies depending on 稀有度的成員.<br>・UR: 500 pieces<br>・SR: 50 pieces<br>・R: 20 pieces<br>In addition，you will 獲得 招募 Points [海未's 生日 Commemorative] depending on number的club 成員 who appear.<br>acquired 招募 Points can be exchanged為成員，道具，etc。at 交換 office.<br><br>招募 Points that are not exchanged will be 自動轉換至技能筆記 (Medium) at end的this 招募.<br>* 轉換 技能筆記 (medium) will be added directly without going through present.<br>*If you have reached 技能筆記 (medium) possession limit，you will 獲得 it as present。,224031502
4110001,Smile Only！焦點招募,"Smile Only！焦點招募中登場的成員皆為 R 以上稀有度。<br>可使用300個愛心寶石進行1次招募。<br>可使用3,000個愛心寶石進行10次招募，並保證至少獲得1位SR以上成員。<br>每天僅可使用150個付費愛心寶石進行1次付費招募。<br><br>如果招募到已獲得的成員，將自動轉換為螢光棒。<br>*轉換後的螢光棒會直接加入道具，不會送至禮物箱。<br>*如果螢光棒已達持有上限，將會送至禮物箱。<br>*獲得的螢光棒數量會依成員稀有度而定。<br>- UR: 500<br>- SR: 50<br>- R: 20<br><br>此外，將依登場成員數獲得招募 Points [Attribute Spotlight]。<br>獲得的招募點數可在交換所兌換成員、道具等。<br><br>招募期間內未交換的招募點數，將在招募結束時自動轉換為技能筆記（中）。<br>*轉換後的技能筆記（中）會直接加入道具，不會送至禮物箱。<br>*如果技能筆記（中）已達持有上限，將會送至禮物箱。",223061103
4110002,Pure Only！焦點招募,"Pure Only！焦點招募中登場的成員皆為 R 以上稀有度。<br>可使用300個愛心寶石進行1次招募。<br>可使用3,000個愛心寶石進行10次招募，並保證至少獲得1位SR以上成員。<br>每天僅可使用150個付費愛心寶石進行1次付費招募。<br><br>如果招募到已獲得的成員，將自動轉換為螢光棒。<br>*轉換後的螢光棒會直接加入道具，不會送至禮物箱。<br>*如果螢光棒已達持有上限，將會送至禮物箱。<br>*獲得的螢光棒數量會依成員稀有度而定。<br>- UR: 500<br>- SR: 50<br>- R: 20<br><br>此外，將依登場成員數獲得招募 Points [Attribute Spotlight]。<br>獲得的招募點數可在交換所兌換成員、道具等。<br><br>招募期間內未交換的招募點數，將在招募結束時自動轉換為技能筆記（中）。<br>*轉換後的技能筆記（中）會直接加入道具，不會送至禮物箱。<br>*如果技能筆記（中）已達持有上限，將會送至禮物箱。",223061103
4110003,Cool Only！焦點招募,"Cool Only！焦點招募中登場的成員皆為 R 以上稀有度。<br>可使用300個愛心寶石進行1次招募。<br>可使用3,000個愛心寶石進行10次招募，並保證至少獲得1位SR以上成員。<br>每天僅可使用150個付費愛心寶石進行1次付費招募。<br><br>如果招募到已獲得的成員，將自動轉換為螢光棒。<br>*轉換後的螢光棒會直接加入道具，不會送至禮物箱。<br>*如果螢光棒已達持有上限，將會送至禮物箱。<br>*獲得的螢光棒數量會依成員稀有度而定。<br>- UR: 500<br>- SR: 50<br>- R: 20<br><br>此外，將依登場成員數獲得招募 Points [Attribute Spotlight]。<br>獲得的招募點數可在交換所兌換成員、道具等。<br><br>招募期間內未交換的招募點數，將在招募結束時自動轉換為技能筆記（中）。<br>*轉換後的技能筆記（中）會直接加入道具，不會送至禮物箱。<br>*如果技能筆記（中）已達持有上限，將會送至禮物箱。",223061103
4110004,SIF Series Thanksgiving 2023 UR 招募,"SIF Series Thanksgiving 2023 UR 招募 可以進行透過使用 3,000 付費愛心寶石與保證至少1位 成員的稀有度 UR.<br><br>如果招募到已獲得的成員，將自動轉換為螢光棒。<br>*轉換後的螢光棒會直接加入道具，不會送至禮物箱。<br>*如果螢光棒已達持有上限，將會送至禮物箱。<br>*獲得的螢光棒數量會依成員稀有度而定。<br>- UR: 500<br>- SR: 50<br>- R: 20",223062301
4110005,Love 歌曲 Carnival 招募: 步夢,"Love 歌曲 Carnival 招募: 步夢 are 成員於虹咲學園學園偶像同好會的稀有度 R與above.<br>可使用300個愛心寶石進行1次招募。<br>可使用3,000個愛心寶石進行10次招募，並保證至少獲得1位SR以上成員。<br>每天僅可使用150個付費愛心寶石進行1次付費招募。<br>10 招募 可以進行 just1次 期間 campaign透過使用 2,000 付費愛心寶石.<br><br>如果招募到已獲得的成員，將自動轉換為螢光棒。<br>*轉換後的螢光棒會直接加入道具，不會送至禮物箱。<br>*如果螢光棒已達持有上限，將會送至禮物箱。<br>*獲得的螢光棒數量會依成員稀有度而定。<br>- UR: 500<br>- SR: 50<br>- R: 20<br><br>此外，將依登場成員數獲得招募 Points [Love 歌曲 Carnival 招募: 步夢]。<br>獲得的招募點數可在交換所兌換成員、道具等。<br><br>招募期間內未交換的招募點數，將在招募結束時自動轉換為技能筆記（中）。<br>*轉換後的技能筆記（中）會直接加入道具，不會送至禮物箱。<br>*如果技能筆記（中）已達持有上限，將會送至禮物箱。",223100301
4110006,Love 歌曲 Carnival 招募: 霞,"Love 歌曲 Carnival 招募: 霞 are 成員於虹咲學園學園偶像同好會的稀有度 R與above.<br>可使用300個愛心寶石進行1次招募。<br>可使用3,000個愛心寶石進行10次招募，並保證至少獲得1位SR以上成員。<br>每天僅可使用150個付費愛心寶石進行1次付費招募。<br>10 招募 可以進行 just1次 期間 campaign透過使用 2,000 付費愛心寶石.<br><br>如果招募到已獲得的成員，將自動轉換為螢光棒。<br>*轉換後的螢光棒會直接加入道具，不會送至禮物箱。<br>*如果螢光棒已達持有上限，將會送至禮物箱。<br>*獲得的螢光棒數量會依成員稀有度而定。<br>- UR: 500<br>- SR: 50<br>- R: 20<br><br>此外，將依登場成員數獲得招募 Points [Love 歌曲 Carnival 招募: 霞]。<br>獲得的招募點數可在交換所兌換成員、道具等。<br><br>招募期間內未交換的招募點數，將在招募結束時自動轉換為技能筆記（中）。<br>*轉換後的技能筆記（中）會直接加入道具，不會送至禮物箱。<br>*如果技能筆記（中）已達持有上限，將會送至禮物箱。",223101001
4110007,Love 歌曲 Carnival 招募: 雫,"Love 歌曲 Carnival 招募: 雫 are 成員於虹咲學園學園偶像同好會的稀有度 R與above.<br>可使用300個愛心寶石進行1次招募。<br>可使用3,000個愛心寶石進行10次招募，並保證至少獲得1位SR以上成員。<br>每天僅可使用150個付費愛心寶石進行1次付費招募。<br>10 招募 可以進行 just1次 期間 campaign透過使用 2,000 付費愛心寶石.<br><br>如果招募到已獲得的成員，將自動轉換為螢光棒。<br>*轉換後的螢光棒會直接加入道具，不會送至禮物箱。<br>*如果螢光棒已達持有上限，將會送至禮物箱。<br>*獲得的螢光棒數量會依成員稀有度而定。<br>- UR: 500<br>- SR: 50<br>- R: 20<br><br>此外，將依登場成員數獲得招募 Points [Love 歌曲 Carnival 招募: 雫]。<br>獲得的招募點數可在交換所兌換成員、道具等。<br><br>招募期間內未交換的招募點數，將在招募結束時自動轉換為技能筆記（中）。<br>*轉換後的技能筆記（中）會直接加入道具，不會送至禮物箱。<br>*如果技能筆記（中）已達持有上限，將會送至禮物箱。",223101701
4110008,Love 歌曲 Carnival 招募: 果林,"Love 歌曲 Carnival 招募: 果林 are 成員於虹咲學園學園偶像同好會的稀有度 R與above.<br>可使用300個愛心寶石進行1次招募。<br>可使用3,000個愛心寶石進行10次招募，並保證至少獲得1位SR以上成員。<br>每天僅可使用150個付費愛心寶石進行1次付費招募。<br>10 招募 可以進行 just1次 期間 campaign透過使用 2,000 付費愛心寶石.<br><br>如果招募到已獲得的成員，將自動轉換為螢光棒。<br>*轉換後的螢光棒會直接加入道具，不會送至禮物箱。<br>*如果螢光棒已達持有上限，將會送至禮物箱。<br>*獲得的螢光棒數量會依成員稀有度而定。<br>- UR: 500<br>- SR: 50<br>- R: 20<br><br>此外，將依登場成員數獲得招募 Points [Love 歌曲 Carnival 招募: 果林]。<br>獲得的招募點數可在交換所兌換成員、道具等。<br><br>招募期間內未交換的招募點數，將在招募結束時自動轉換為技能筆記（中）。<br>*轉換後的技能筆記（中）會直接加入道具，不會送至禮物箱。<br>*如果技能筆記（中）已達持有上限，將會送至禮物箱。",223102401
4110009,Love 歌曲 Carnival 招募: 愛,"Love 歌曲 Carnival 招募: 愛 are 成員於虹咲學園學園偶像同好會的稀有度 R與above.<br>可使用300個愛心寶石進行1次招募。<br>可使用3,000個愛心寶石進行10次招募，並保證至少獲得1位SR以上成員。<br>每天僅可使用150個付費愛心寶石進行1次付費招募。<br>10 招募 可以進行 just1次 期間 campaign透過使用 2,000 付費愛心寶石.<br><br>如果招募到已獲得的成員，將自動轉換為螢光棒。<br>*轉換後的螢光棒會直接加入道具，不會送至禮物箱。<br>*如果螢光棒已達持有上限，將會送至禮物箱。<br>*獲得的螢光棒數量會依成員稀有度而定。<br>- UR: 500<br>- SR: 50<br>- R: 20<br><br>此外，將依登場成員數獲得招募 Points [Love 歌曲 Carnival 招募: 愛]。<br>獲得的招募點數可在交換所兌換成員、道具等。<br><br>招募期間內未交換的招募點數，將在招募結束時自動轉換為技能筆記（中）。<br>*轉換後的技能筆記（中）會直接加入道具，不會送至禮物箱。<br>*如果技能筆記（中）已達持有上限，將會送至禮物箱。",223103101
4110010,Love 歌曲 Carnival 招募: 彼方,"Love 歌曲 Carnival 招募: 彼方 are 成員於虹咲學園學園偶像同好會的稀有度 R與above.<br>可使用300個愛心寶石進行1次招募。<br>可使用3,000個愛心寶石進行10次招募，並保證至少獲得1位SR以上成員。<br>每天僅可使用150個付費愛心寶石進行1次付費招募。<br>10 招募 可以進行 just1次 期間 campaign透過使用 2,000 付費愛心寶石.<br><br>如果招募到已獲得的成員，將自動轉換為螢光棒。<br>*轉換後的螢光棒會直接加入道具，不會送至禮物箱。<br>*如果螢光棒已達持有上限，將會送至禮物箱。<br>*獲得的螢光棒數量會依成員稀有度而定。<br>- UR: 500<br>- SR: 50<br>- R: 20<br><br>此外，將依登場成員數獲得招募 Points [Love 歌曲 Carnival 招募: 彼方]。<br>獲得的招募點數可在交換所兌換成員、道具等。<br><br>招募期間內未交換的招募點數，將在招募結束時自動轉換為技能筆記（中）。<br>*轉換後的技能筆記（中）會直接加入道具，不會送至禮物箱。<br>*如果技能筆記（中）已達持有上限，將會送至禮物箱。",223110701
4110011,Love 歌曲 Carnival 招募: 雪菜,"Love 歌曲 Carnival 招募: 雪菜 are 成員於虹咲學園學園偶像同好會的稀有度 R與above.<br>可使用300個愛心寶石進行1次招募。<br>可使用3,000個愛心寶石進行10次招募，並保證至少獲得1位SR以上成員。<br>每天僅可使用150個付費愛心寶石進行1次付費招募。<br>10 招募 可以進行 just1次 期間 campaign透過使用 2,000 付費愛心寶石.<br><br>如果招募到已獲得的成員，將自動轉換為螢光棒。<br>*轉換後的螢光棒會直接加入道具，不會送至禮物箱。<br>*如果螢光棒已達持有上限，將會送至禮物箱。<br>*獲得的螢光棒數量會依成員稀有度而定。<br>- UR: 500<br>- SR: 50<br>- R: 20<br><br>此外，將依登場成員數獲得招募 Points [Love 歌曲 Carnival 招募: 雪菜]。<br>獲得的招募點數可在交換所兌換成員、道具等。<br><br>招募期間內未交換的招募點數，將在招募結束時自動轉換為技能筆記（中）。<br>*轉換後的技能筆記（中）會直接加入道具，不會送至禮物箱。<br>*如果技能筆記（中）已達持有上限，將會送至禮物箱。",223111401
4110012,Love 歌曲 Carnival 招募: 艾瑪,"Love 歌曲 Carnival 招募: 艾瑪 are 成員於虹咲學園學園偶像同好會的稀有度 R與above.<br>可使用300個愛心寶石進行1次招募。<br>可使用3,000個愛心寶石進行10次招募，並保證至少獲得1位SR以上成員。<br>每天僅可使用150個付費愛心寶石進行1次付費招募。<br>10 招募 可以進行 just1次 期間 campaign透過使用 2,000 付費愛心寶石.<br><br>如果招募到已獲得的成員，將自動轉換為螢光棒。<br>*轉換後的螢光棒會直接加入道具，不會送至禮物箱。<br>*如果螢光棒已達持有上限，將會送至禮物箱。<br>*獲得的螢光棒數量會依成員稀有度而定。<br>- UR: 500<br>- SR: 50<br>- R: 20<br><br>此外，將依登場成員數獲得招募 Points [Love 歌曲 Carnival 招募: 艾瑪]。<br>獲得的招募點數可在交換所兌換成員、道具等。<br><br>招募期間內未交換的招募點數，將在招募結束時自動轉換為技能筆記（中）。<br>*轉換後的技能筆記（中）會直接加入道具，不會送至禮物箱。<br>*如果技能筆記（中）已達持有上限，將會送至禮物箱。",223112101
4110013,Love 歌曲 Carnival 招募: 璃奈,"Love 歌曲 Carnival 招募: 璃奈 are 成員於虹咲學園學園偶像同好會的稀有度 R與above.<br>可使用300個愛心寶石進行1次招募。<br>可使用3,000個愛心寶石進行10次招募，並保證至少獲得1位SR以上成員。<br>每天僅可使用150個付費愛心寶石進行1次付費招募。<br>10 招募 可以進行 just1次 期間 campaign透過使用 2,000 付費愛心寶石.<br><br>如果招募到已獲得的成員，將自動轉換為螢光棒。<br>*轉換後的螢光棒會直接加入道具，不會送至禮物箱。<br>*如果螢光棒已達持有上限，將會送至禮物箱。<br>*獲得的螢光棒數量會依成員稀有度而定。<br>- UR: 500<br>- SR: 50<br>- R: 20<br><br>此外，將依登場成員數獲得招募 Points [Love 歌曲 Carnival 招募: 璃奈]。<br>獲得的招募點數可在交換所兌換成員、道具等。<br><br>招募期間內未交換的招募點數，將在招募結束時自動轉換為技能筆記（中）。<br>*轉換後的技能筆記（中）會直接加入道具，不會送至禮物箱。<br>*如果技能筆記（中）已達持有上限，將會送至禮物箱。",223112801
4110014,Love 歌曲 Carnival 招募: 栞子,"Love 歌曲 Carnival 招募: 栞子 are 成員於虹咲學園學園偶像同好會的稀有度 R與above.<br>可使用300個愛心寶石進行1次招募。<br>可使用3,000個愛心寶石進行10次招募，並保證至少獲得1位SR以上成員。<br>每天僅可使用150個付費愛心寶石進行1次付費招募。<br>10 招募 可以進行 just1次 期間 campaign透過使用 2,000 付費愛心寶石.<br><br>如果招募到已獲得的成員，將自動轉換為螢光棒。<br>*轉換後的螢光棒會直接加入道具，不會送至禮物箱。<br>*如果螢光棒已達持有上限，將會送至禮物箱。<br>*獲得的螢光棒數量會依成員稀有度而定。<br>- UR: 500<br>- SR: 50<br>- R: 20<br><br>此外，將依登場成員數獲得招募 Points [Love 歌曲 Carnival 招募: 栞子]。<br>獲得的招募點數可在交換所兌換成員、道具等。<br><br>招募期間內未交換的招募點數，將在招募結束時自動轉換為技能筆記（中）。<br>*轉換後的技能筆記（中）會直接加入道具，不會送至禮物箱。<br>*如果技能筆記（中）已達持有上限，將會送至禮物箱。",223120501
4110015,Love 歌曲 Carnival 招募: 米雅,"Love 歌曲 Carnival 招募: 米雅 are 成員於虹咲學園學園偶像同好會的稀有度 R與above.<br>可使用300個愛心寶石進行1次招募。<br>可使用3,000個愛心寶石進行10次招募，並保證至少獲得1位SR以上成員。<br>每天僅可使用150個付費愛心寶石進行1次付費招募。<br>10 招募 可以進行 just1次 期間 campaign透過使用 2,000 付費愛心寶石.<br><br>如果招募到已獲得的成員，將自動轉換為螢光棒。<br>*轉換後的螢光棒會直接加入道具，不會送至禮物箱。<br>*如果螢光棒已達持有上限，將會送至禮物箱。<br>*獲得的螢光棒數量會依成員稀有度而定。<br>- UR: 500<br>- SR: 50<br>- R: 20<br><br>此外，將依登場成員數獲得招募 Points [Love 歌曲 Carnival 招募: 米雅]。<br>獲得的招募點數可在交換所兌換成員、道具等。<br><br>招募期間內未交換的招募點數，將在招募結束時自動轉換為技能筆記（中）。<br>*轉換後的技能筆記（中）會直接加入道具，不會送至禮物箱。<br>*如果技能筆記（中）已達持有上限，將會送至禮物箱。",223121201
4110016,Love 歌曲 Carnival 招募: 嵐珠,"Love 歌曲 Carnival 招募: 嵐珠 are 成員於虹咲學園學園偶像同好會的稀有度 R與above.<br>可使用300個愛心寶石進行1次招募。<br>可使用3,000個愛心寶石進行10次招募，並保證至少獲得1位SR以上成員。<br>每天僅可使用150個付費愛心寶石進行1次付費招募。<br>10 招募 可以進行 just1次 期間 campaign透過使用 2,000 付費愛心寶石.<br><br>如果招募到已獲得的成員，將自動轉換為螢光棒。<br>*轉換後的螢光棒會直接加入道具，不會送至禮物箱。<br>*如果螢光棒已達持有上限，將會送至禮物箱。<br>*獲得的螢光棒數量會依成員稀有度而定。<br>- UR: 500<br>- SR: 50<br>- R: 20<br><br>此外，將依登場成員數獲得招募 Points [Love 歌曲 Carnival 招募: 嵐珠]。<br>獲得的招募點數可在交換所兌換成員、道具等。<br><br>招募期間內未交換的招募點數，將在招募結束時自動轉換為技能筆記（中）。<br>*轉換後的技能筆記（中）會直接加入道具，不會送至禮物箱。<br>*如果技能筆記（中）已達持有上限，將會送至禮物箱。",223121901
4110017,Up至100 免費 招募！Half 紀念日 招募,Up至100 免費 招募！Half 紀念日 招募 可以進行 just1次 each day，up至ten times 期間 campaign.<br>成員於this 招募中登場的成員皆為 R 以上稀有度。<br><br>10 招募 可以進行為free與保證至少1位 成員的稀有度 SR 或 above.<br><br>如果招募到已獲得的成員，將自動轉換為螢光棒。<br>*轉換後的螢光棒會直接加入道具，不會送至禮物箱。<br>*如果螢光棒已達持有上限，將會送至禮物箱。<br>*獲得的螢光棒數量會依成員稀有度而定。<br>- UR: 500<br>- SR: 50<br>- R: 20<br><br>此外，將依登場成員數獲得招募 Points [Half 紀念日]。<br>獲得的招募點數可在交換所兌換成員、道具等。<br><br>招募期間內未交換的招募點數，將在招募結束時自動轉換為技能筆記（中）。<br>*轉換後的技能筆記（中）會直接加入道具，不會送至禮物箱。<br>*如果技能筆記（中）已達持有上限，將會送至禮物箱。,223101501
4110019,保證 UR！Half 紀念日 招募: μ's,"保證 UR！Half 紀念日 招募: μ's 可以進行透過使用 3,000 付費愛心寶石與保證至少1位 成員來自μ's的稀有度 UR.<br><br>如果招募到已獲得的成員，將自動轉換為螢光棒。<br>*轉換後的螢光棒會直接加入道具，不會送至禮物箱。<br>*如果螢光棒已達持有上限，將會送至禮物箱。<br>*獲得的螢光棒數量會依成員稀有度而定。<br>- UR: 500<br>- SR: 50<br>- R: 20<br><br>此外，將依登場成員數獲得招募 Points [Half 紀念日]。<br>獲得的招募點數可在交換所兌換成員、道具等。<br><br>招募期間內未交換的招募點數，將在招募結束時自動轉換為技能筆記（中）。<br>*轉換後的技能筆記（中）會直接加入道具，不會送至禮物箱。<br>*如果技能筆記（中）已達持有上限，將會送至禮物箱。",223101502
4110020,保證 UR！Half 紀念日 招募: Aqours,"保證 UR！Half 紀念日 招募: Aqours 可以進行透過使用 3,000 付費愛心寶石與保證至少1位 成員來自Aqours的稀有度 UR.<br><br>如果招募到已獲得的成員，將自動轉換為螢光棒。<br>*轉換後的螢光棒會直接加入道具，不會送至禮物箱。<br>*如果螢光棒已達持有上限，將會送至禮物箱。<br>*獲得的螢光棒數量會依成員稀有度而定。<br>- UR: 500<br>- SR: 50<br>- R: 20<br><br>此外，將依登場成員數獲得招募 Points [Half 紀念日]。<br>獲得的招募點數可在交換所兌換成員、道具等。<br><br>招募期間內未交換的招募點數，將在招募結束時自動轉換為技能筆記（中）。<br>*轉換後的技能筆記（中）會直接加入道具，不會送至禮物箱。<br>*如果技能筆記（中）已達持有上限，將會送至禮物箱。",223101502
4110021,保證 UR！Half 紀念日 招募: 虹咲,"保證 UR！Half 紀念日 招募: 虹咲 可以進行透過使用 3,000 付費愛心寶石與保證至少1位 成員來自虹咲學園學園偶像同好會的稀有度 UR.<br><br>如果招募到已獲得的成員，將自動轉換為螢光棒。<br>*轉換後的螢光棒會直接加入道具，不會送至禮物箱。<br>*如果螢光棒已達持有上限，將會送至禮物箱。<br>*獲得的螢光棒數量會依成員稀有度而定。<br>- UR: 500<br>- SR: 50<br>- R: 20<br><br>此外，將依登場成員數獲得招募 Points [Half 紀念日]。<br>獲得的招募點數可在交換所兌換成員、道具等。<br><br>招募期間內未交換的招募點數，將在招募結束時自動轉換為技能筆記（中）。<br>*轉換後的技能筆記（中）會直接加入道具，不會送至禮物箱。<br>*如果技能筆記（中）已達持有上限，將會送至禮物箱。",223101502
4110022,保證 UR！Half 紀念日 招募: Liella!,"保證 UR！Half 紀念日 招募: Liella！可以進行透過使用 3,000 付費愛心寶石與保證至少1位 成員來自Liella！的 稀有度 UR.<br><br>如果招募到已獲得的成員，將自動轉換為螢光棒。<br>*轉換後的螢光棒會直接加入道具，不會送至禮物箱。<br>*如果螢光棒已達持有上限，將會送至禮物箱。<br>*獲得的螢光棒數量會依成員稀有度而定。<br>- UR: 500<br>- SR: 50<br>- R: 20<br><br>此外，將依登場成員數獲得招募 Points [Half 紀念日]。<br>獲得的招募點數可在交換所兌換成員、道具等。<br><br>招募期間內未交換的招募點數，將在招募結束時自動轉換為技能筆記（中）。<br>*轉換後的技能筆記（中）會直接加入道具，不會送至禮物箱。<br>*如果技能筆記（中）已達持有上限，將會送至禮物箱。",223101502
4110023,"""ove 歌曲透過Me"" Launch 招募","""Love 歌曲透過Me"" Launch 招募 are 成員來自虹咲學園學園偶像同好會的稀有度 R與above.<br>可使用300個愛心寶石進行1次招募。<br>可使用3,000個愛心寶石進行10次招募，並保證至少獲得1位SR以上成員。<br>每天僅可使用150個付費愛心寶石進行1次付費招募。<br><br>如果招募到已獲得的成員，將自動轉換為螢光棒。<br>*轉換後的螢光棒會直接加入道具，不會送至禮物箱。<br>*如果螢光棒已達持有上限，將會送至禮物箱。<br>*獲得的螢光棒數量會依成員稀有度而定。<br>- UR: 500<br>- SR: 50<br>- R: 20<br><br>此外，將依登場成員數獲得招募 Points [Love 歌曲透過Me]。<br>獲得的招募點數可在交換所兌換成員、道具等。<br><br>招募期間內未交換的招募點數，將在招募結束時自動轉換為技能筆記（中）。<br>*轉換後的技能筆記（中）會直接加入道具，不會送至禮物箱。<br>*如果技能筆記（中）已達持有上限，將會送至禮物箱。",223090603
4110024,μ's Only！焦點招募,"μ's Only！焦點招募 are的稀有度 R與above that belong至μ's.<br>可使用300個愛心寶石進行1次招募。<br>可使用3,000個愛心寶石進行10次招募，並保證至少獲得1位SR以上成員。<br>每天僅可使用150個付費愛心寶石進行1次付費招募。<br><br>如果招募到已獲得的成員，將自動轉換為螢光棒。<br>*轉換後的螢光棒會直接加入道具，不會送至禮物箱。<br>*如果螢光棒已達持有上限，將會送至禮物箱。<br>*獲得的螢光棒數量會依成員稀有度而定。<br>- UR: 500<br>- SR: 50<br>- R: 20<br><br>此外，將依登場成員數獲得招募 Points [μ's Spotlight]。<br>獲得的招募點數可在交換所兌換成員、道具等。<br><br>招募期間內未交換的招募點數，將在招募結束時自動轉換為技能筆記（中）。<br>*轉換後的技能筆記（中）會直接加入道具，不會送至禮物箱。<br>*如果技能筆記（中）已達持有上限，將會送至禮物箱。",223103111
4110025,Aqours Only！焦點招募,"Aqours Only！焦點招募 are的稀有度 R與above that belong至Aqours.<br>可使用300個愛心寶石進行1次招募。<br>可使用3,000個愛心寶石進行10次招募，並保證至少獲得1位SR以上成員。<br>每天僅可使用150個付費愛心寶石進行1次付費招募。<br><br>如果招募到已獲得的成員，將自動轉換為螢光棒。<br>*轉換後的螢光棒會直接加入道具，不會送至禮物箱。<br>*如果螢光棒已達持有上限，將會送至禮物箱。<br>*獲得的螢光棒數量會依成員稀有度而定。<br>- UR: 500<br>- SR: 50<br>- R: 20<br><br>此外，將依登場成員數獲得招募 Points [Aqours Spotlight]。<br>獲得的招募點數可在交換所兌換成員、道具等。<br><br>招募期間內未交換的招募點數，將在招募結束時自動轉換為技能筆記（中）。<br>*轉換後的技能筆記（中）會直接加入道具，不會送至禮物箱。<br>*如果技能筆記（中）已達持有上限，將會送至禮物箱。",223111508
4110026,保證 UR！Half 紀念日 招募: Closing Festival,"保證 UR！Half 紀念日 招募: Closing Festival 可以進行透過使用 3,000 付費愛心寶石與保證至少1位 成員的稀有度 UR.<br><br>如果招募到已獲得的成員，將自動轉換為螢光棒。<br>*轉換後的螢光棒會直接加入道具，不會送至禮物箱。<br>*如果螢光棒已達持有上限，將會送至禮物箱。<br>*獲得的螢光棒數量會依成員稀有度而定。<br>- UR: 500<br>- SR: 50<br>- R: 20<br><br>此外，將依登場成員數獲得招募 Points [Half 紀念日 Closing Festival]。<br>獲得的招募點數可在交換所兌換成員、道具等。<br><br>招募期間內未交換的招募點數，將在招募結束時自動轉換為技能筆記（中）。<br>*轉換後的技能筆記（中）會直接加入道具，不會送至禮物箱。<br>*如果技能筆記（中）已達持有上限，將會送至禮物箱。",223103112
4110027,夜羽 Parhelion: 劇情的Sound的Heart Commemorative 招募,"夜羽 Parhelion: 劇情的Sound的Heart Commemorative 招募中登場的成員皆為 R 以上稀有度。<br>可使用300個愛心寶石進行1次招募。<br>可使用3,000個愛心寶石進行10次招募，並保證至少獲得1位SR以上成員。<br>每天僅可使用150個付費愛心寶石進行1次付費招募。<br><br>如果招募到已獲得的成員，將自動轉換為螢光棒。<br>*轉換後的螢光棒會直接加入道具，不會送至禮物箱。<br>*如果螢光棒已達持有上限，將會送至禮物箱。<br>*獲得的螢光棒數量會依成員稀有度而定。<br>- UR: 500<br>- SR: 50<br>- R: 20<br><br>此外，將依登場成員數獲得招募 Points [夜羽 Parhelion]。<br>獲得的招募點數可在交換所兌換成員、道具等。<br><br>招募期間內未交換的招募點數，將在招募結束時自動轉換為技能筆記（中）。<br>*轉換後的技能筆記（中）會直接加入道具，不會送至禮物箱。<br>*如果技能筆記（中）已達持有上限，將會送至禮物箱。",223121402
4110028,1st-Years Only！焦點招募,"1st-Years Only！焦點招募中登場的成員皆為 R 以上稀有度。<br>可使用300個愛心寶石進行1次招募。<br>可使用3,000個愛心寶石進行10次招募，並保證至少獲得1位SR以上成員。<br>每天僅可使用150個付費愛心寶石進行1次付費招募。<br><br>如果招募到已獲得的成員，將自動轉換為螢光棒。<br>*轉換後的螢光棒會直接加入道具，不會送至禮物箱。<br>*如果螢光棒已達持有上限，將會送至禮物箱。<br>*獲得的螢光棒數量會依成員稀有度而定。<br>- UR: 500<br>- SR: 50<br>- R: 20<br><br>此外，將依登場成員數獲得招募 Points [1st-Years Spotlight]。<br>獲得的招募點數可在交換所兌換成員、道具等。<br><br>招募期間內未交換的招募點數，將在招募結束時自動轉換為技能筆記（中）。<br>*轉換後的技能筆記（中）會直接加入道具，不會送至禮物箱。<br>*如果技能筆記（中）已達持有上限，將會送至禮物箱。",223111702
4110029,2nd-Years Only！焦點招募,"2nd-Years Only！焦點招募中登場的成員皆為 R 以上稀有度。<br>可使用300個愛心寶石進行1次招募。<br>可使用3,000個愛心寶石進行10次招募，並保證至少獲得1位SR以上成員。<br>每天僅可使用150個付費愛心寶石進行1次付費招募。<br><br>如果招募到已獲得的成員，將自動轉換為螢光棒。<br>*轉換後的螢光棒會直接加入道具，不會送至禮物箱。<br>*如果螢光棒已達持有上限，將會送至禮物箱。<br>*獲得的螢光棒數量會依成員稀有度而定。<br>- UR: 500<br>- SR: 50<br>- R: 20<br><br>此外，將依登場成員數獲得招募 Points [2nd-Years Spotlight]。<br>獲得的招募點數可在交換所兌換成員、道具等。<br><br>招募期間內未交換的招募點數，將在招募結束時自動轉換為技能筆記（中）。<br>*轉換後的技能筆記（中）會直接加入道具，不會送至禮物箱。<br>*如果技能筆記（中）已達持有上限，將會送至禮物箱。",223112404
4110030,3rd-Years Only！焦點招募,"3rd-Years Only！焦點招募中登場的成員皆為 R 以上稀有度。<br>可使用300個愛心寶石進行1次招募。<br>可使用3,000個愛心寶石進行10次招募，並保證至少獲得1位SR以上成員。<br>每天僅可使用150個付費愛心寶石進行1次付費招募。<br><br>如果招募到已獲得的成員，將自動轉換為螢光棒。<br>*轉換後的螢光棒會直接加入道具，不會送至禮物箱。<br>*如果螢光棒已達持有上限，將會送至禮物箱。<br>*獲得的螢光棒數量會依成員稀有度而定。<br>- UR: 500<br>- SR: 50<br>- R: 20<br><br>此外，將依登場成員數獲得招募 Points [3rd-Years Spotlight]。<br>獲得的招募點數可在交換所兌換成員、道具等。<br><br>招募期間內未交換的招募點數，將在招募結束時自動轉換為技能筆記（中）。<br>*轉換後的技能筆記（中）會直接加入道具，不會送至禮物箱。<br>*如果技能筆記（中）已達持有上限，將會送至禮物箱。",223120103
4110031,IJIGEN FES THE IDOLM@STER LOVE LIVE！Commemorative 招募: Aqours,"All 成員的IJIGEN FES THE IDOLM@STER LOVE LIVE！Commemorative 招募: Aqours are 成員的Aqours的稀有度 R與above.<br>10x Scount 可以進行透過使用 3,000 愛心寶石與保證至少1位 成員的稀有度 SR 或 above.<br><br>如果招募到已獲得的成員，將自動轉換為螢光棒。<br>*轉換後的螢光棒會直接加入道具，不會送至禮物箱。<br>*如果螢光棒已達持有上限，將會送至禮物箱。<br>*獲得的螢光棒數量會依成員稀有度而定。<br>- UR: 500<br>- SR: 50<br>- R: 20",223120907
4110032,IJIGEN FES THE IDOLM@STER LOVE LIVE！Commemorative 招募: 虹咲,"All 成員的IJIGEN FES THE IDOLM@STER LOVE LIVE！Commemorative 招募: 虹咲 are 成員的虹咲學園學園偶像同好會的稀有度 R與above.<br>10x Scount 可以進行透過使用 3,000 愛心寶石與保證至少1位 成員的稀有度 SR 或 above.<br><br>如果招募到已獲得的成員，將自動轉換為螢光棒。<br>*轉換後的螢光棒會直接加入道具，不會送至禮物箱。<br>*如果螢光棒已達持有上限，將會送至禮物箱。<br>*獲得的螢光棒數量會依成員稀有度而定。<br>- UR: 500<br>- SR: 50<br>- R: 20",223120908
4110033,IJIGEN FES THE IDOLM@STER LOVE LIVE！Commemorative 招募: Liella!,"All 成員的IJIGEN FES THE IDOLM@STER LOVE LIVE！Commemorative 招募: Liella！are 成員的Liella！的 稀有度 R與above.<br>10x Scount 可以進行透過使用 3,000 愛心寶石與保證至少1位 成員的稀有度 SR 或 above.<br><br>如果招募到已獲得的成員，將自動轉換為螢光棒。<br>*轉換後的螢光棒會直接加入道具，不會送至禮物箱。<br>*如果螢光棒已達持有上限，將會送至禮物箱。<br>*獲得的螢光棒數量會依成員稀有度而定。<br>- UR: 500<br>- SR: 50<br>- R: 20",223120909
4110034,Up至240 免費 招募！New Year's 招募,Up至240 免費 招募！New Year's 招募 可以進行 up至three times each day，up至24 times 期間 campaign.<br>成員於this 招募中登場的成員皆為 R 以上稀有度。<br><br>10 招募 可以進行為free與保證至少1位 成員的稀有度 SR 或 above.<br><br>如果招募到已獲得的成員，將自動轉換為螢光棒。<br>*轉換後的螢光棒會直接加入道具，不會送至禮物箱。<br>*如果螢光棒已達持有上限，將會送至禮物箱。<br>*獲得的螢光棒數量會依成員稀有度而定。<br>- UR: 500<br>- SR: 50<br>- R: 20<br><br>此外，將依登場成員數獲得招募 Points [New Year's 招募]。<br>獲得的招募點數可在交換所兌換成員、道具等。<br><br>招募期間內未交換的招募點數，將在招募結束時自動轉換為技能筆記（中）。<br>*轉換後的技能筆記（中）會直接加入道具，不會送至禮物箱。<br>*如果技能筆記（中）已達持有上限，將會送至禮物箱。,223122604
4110035,保證 UR！New Year's 招募,"保證 UR！New Year's 招募 可以進行透過使用 3,000 付費愛心寶石與保證至少1位 UR 成員.<br><br>如果招募到已獲得的成員，將自動轉換為螢光棒。<br>*轉換後的螢光棒會直接加入道具，不會送至禮物箱。<br>*如果螢光棒已達持有上限，將會送至禮物箱。<br>*獲得的螢光棒數量會依成員稀有度而定。<br>- UR: 500<br>- SR: 50<br>- R: 20<br><br>此外，將依登場成員數獲得招募 Points [New Year's 招募]。<br>獲得的招募點數可在交換所兌換成員、道具等。<br><br>招募期間內未交換的招募點數，將在招募結束時自動轉換為技能筆記（中）。<br>*轉換後的技能筆記（中）會直接加入道具，不會送至禮物箱。<br>*如果技能筆記（中）已達持有上限，將會送至禮物箱。",223122604
4110036,New Year's First Dream 招募,"New Year's First Dream 招募中登場的成員皆為 R 以上稀有度。<br>10x 招募 可以進行透過使用 3,000 愛心寶石與保證至少1位 成員的稀有度 SR 或 above.<br><br>如果招募到已獲得的成員，將自動轉換為螢光棒。<br>*轉換後的螢光棒會直接加入道具，不會送至禮物箱。<br>*如果螢光棒已達持有上限，將會送至禮物箱。<br>*獲得的螢光棒數量會依成員稀有度而定。<br>- UR: 500<br>- SR: 50<br>- R: 20<br><br>此外，將依登場成員數獲得招募 Points [New Year's Celebration]。<br>獲得的招募點數可在交換所兌換成員、道具等。<br><br>招募期間內未交換的招募點數，將在招募結束時自動轉換為技能筆記（中）。<br>*轉換後的技能筆記（中）會直接加入道具，不會送至禮物箱。<br>*如果技能筆記（中）已達持有上限，將會送至禮物箱。",224010105
4110037,保證 UR！New Year's First Dream 招募,"保證 UR！New Year's First Dream 招募 可以進行透過使用 3,000 付費愛心寶石與保證至少1位 UR 成員.<br><br>如果招募到已獲得的成員，將自動轉換為螢光棒。<br>*轉換後的螢光棒會直接加入道具，不會送至禮物箱。<br>*如果螢光棒已達持有上限，將會送至禮物箱。<br>*獲得的螢光棒數量會依成員稀有度而定。<br>- UR: 500<br>- SR: 50<br>- R: 20<br><br>此外，將依登場成員數獲得招募 Points [New Year's Celebration]。<br>獲得的招募點數可在交換所兌換成員、道具等。<br><br>招募期間內未交換的招募點數，將在招募結束時自動轉換為技能筆記（中）。<br>*轉換後的技能筆記（中）會直接加入道具，不會送至禮物箱。<br>*如果技能筆記（中）已達持有上限，將會送至禮物箱。",224010105
4110038,Love 歌曲 Carnival 招募,"Love 歌曲 Carnival 招募 are 成員於虹咲的稀有度 R與above.<br>可使用300個愛心寶石進行1次招募。<br>可使用3,000個愛心寶石進行10次招募，並保證至少獲得1位SR以上成員。<br>每天僅可使用150個付費愛心寶石進行1次付費招募。<br><br>如果招募到已獲得的成員，將自動轉換為螢光棒。<br>*轉換後的螢光棒會直接加入道具，不會送至禮物箱。<br>*如果螢光棒已達持有上限，將會送至禮物箱。<br>*獲得的螢光棒數量會依成員稀有度而定。<br>- UR: 500<br>- SR: 50<br>- R: 20<br><br>此外，將依登場成員數獲得招募 Points [Love 歌曲 Carnival]。<br>獲得的招募點數可在交換所兌換成員、道具等。<br><br>招募期間內未交換的招募點數，將在招募結束時自動轉換為技能筆記（中）。<br>*轉換後的技能筆記（中）會直接加入道具，不會送至禮物箱。<br>*如果技能筆記（中）已達持有上限，將會送至禮物箱。",224011304
4110039,學園偶像 Festival 2 Super Thanks 招募: μ's,學園偶像 Festival 2 Super Thanks 招募: μ's are 成員於μ's的稀有度 R與above.<br>10 scouts於學園偶像 Festival 2 Super Thanks 招募: μ's 可以進行 使用 10x 招募券 (學園偶像 Festival 2 Super Thanks).<br><br>如果招募到已獲得的成員，將自動轉換為螢光棒。<br>*轉換後的螢光棒會直接加入道具，不會送至禮物箱。<br>*如果螢光棒已達持有上限，將會送至禮物箱。<br>*獲得的螢光棒數量會依成員稀有度而定。<br>- UR: 500<br>- SR: 50<br>- R: 20<br><br>此外，將依登場成員數獲得招募 Points [Super Thanks]。<br>獲得的招募點數可在交換所兌換成員、道具等。<br><br>招募期間內未交換的招募點數，將在招募結束時自動轉換為技能筆記（中）。<br>*轉換後的技能筆記（中）會直接加入道具，不會送至禮物箱。<br>*如果技能筆記（中）已達持有上限，將會送至禮物箱。,224030109
4110040,學園偶像 Festival 2 Super Thanks 招募: Aqours,學園偶像 Festival 2 Super Thanks 招募: Aqours are 成員於Aqours的稀有度 R與above.<br>10 scouts於學園偶像 Festival 2 Super Thanks 招募: Aqours 可以進行 使用 10x 招募券 (學園偶像 Festival 2 Super Thanks).<br><br>如果招募到已獲得的成員，將自動轉換為螢光棒。<br>*轉換後的螢光棒會直接加入道具，不會送至禮物箱。<br>*如果螢光棒已達持有上限，將會送至禮物箱。<br>*獲得的螢光棒數量會依成員稀有度而定。<br>- UR: 500<br>- SR: 50<br>- R: 20<br><br>此外，將依登場成員數獲得招募 Points [Super Thanks]。<br>獲得的招募點數可在交換所兌換成員、道具等。<br><br>招募期間內未交換的招募點數，將在招募結束時自動轉換為技能筆記（中）。<br>*轉換後的技能筆記（中）會直接加入道具，不會送至禮物箱。<br>*如果技能筆記（中）已達持有上限，將會送至禮物箱。,224030109
4110041,學園偶像 Festival 2 Super Thanks 招募: 虹咲,學園偶像 Festival 2 Super Thanks 招募: 虹咲 are 成員於虹咲的稀有度 R與above.<br>10 scouts於學園偶像 Festival 2 Super Thanks 招募: 虹咲 可以進行 使用 10x 招募券 (學園偶像 Festival 2 Super Thanks).<br><br>如果招募到已獲得的成員，將自動轉換為螢光棒。<br>*轉換後的螢光棒會直接加入道具，不會送至禮物箱。<br>*如果螢光棒已達持有上限，將會送至禮物箱。<br>*獲得的螢光棒數量會依成員稀有度而定。<br>- UR: 500<br>- SR: 50<br>- R: 20<br><br>此外，將依登場成員數獲得招募 Points [Super Thanks]。<br>獲得的招募點數可在交換所兌換成員、道具等。<br><br>招募期間內未交換的招募點數，將在招募結束時自動轉換為技能筆記（中）。<br>*轉換後的技能筆記（中）會直接加入道具，不會送至禮物箱。<br>*如果技能筆記（中）已達持有上限，將會送至禮物箱。,224030109
4110042,學園偶像 Festival 2 Super Thanks 招募: Liella!,學園偶像 Festival 2 Super Thanks 招募: Liella！are 成員於Liella！的 稀有度 R與above.<br>10 scouts於學園偶像 Festival 2 Super Thanks 招募: Liella！可以進行 使用 10x 招募券 (學園偶像 Festival 2 Super Thanks).<br><br>如果招募到已獲得的成員，將自動轉換為螢光棒。<br>*轉換後的螢光棒會直接加入道具，不會送至禮物箱。<br>*如果螢光棒已達持有上限，將會送至禮物箱。<br>*獲得的螢光棒數量會依成員稀有度而定。<br>- UR: 500<br>- SR: 50<br>- R: 20<br><br>此外，將依登場成員數獲得招募 Points [Super Thanks]。<br>獲得的招募點數可在交換所兌換成員、道具等。<br><br>招募期間內未交換的招募點數，將在招募結束時自動轉換為技能筆記（中）。<br>*轉換後的技能筆記（中）會直接加入道具，不會送至禮物箱。<br>*如果技能筆記（中）已達持有上限，將會送至禮物箱。,224030109
4110043,Special 招募,Special 招募 will always feature R 或 higher club 成員.<br>1 time 招募 can be carried out與300 愛心寶石.<br>10 times 招募 can be carried out與3000 愛心寶石，與至少1位 成員的SR 或 above will definitely join.<br>1 time 付費 招募 can be carried out only1次 day與150 付費 愛心寶石.<br>10 times 付費 招募 can be carried out only1次 期間 期間與2000 付費 愛心寶石.<br><br>If 成員 who has already joined club appears，it will be 自動轉換至螢光棒.<br>*轉換後的 螢光棒 will be added directly without going through presents.<br>*If you have reached possession limit為螢光棒，you will 獲得 them as present.<br>* 數量的螢光棒 獲得 varies depending on 稀有度的成員.<br>・UR: 500 pieces<br>・SR: 50 pieces<br>・R: 20 pieces<br>In addition，you will 獲得 招募 Points [Special 招募] depending on number的club 成員 who appear.<br>acquired 招募 Points can be exchanged為成員，道具，etc。at 交換 office.<br><br>招募 Points that are not exchanged will be 自動轉換至技能筆記 (Medium) at end的this 招募.<br>* 轉換 技能筆記 (medium) will be added directly without going through present.<br>*If you have reached 技能筆記 (medium) possession limit，you will 獲得 it as present.,224031602
4110044,學園偶像s Thanksgiving Gather Everyone 招募,In 學園偶像s Thanksgiving Gather Everyone 招募，成員的R 或 higher will always appear.10 times 招募 can be carried out與3000 愛心寶石.<br>10 times 付費 招募 can be carried out only1次 期間 期間與3000 付費 愛心寶石<br>1 time 付費 招募 can be carried out up至3 times day與50 付費 愛心寶石.<br><br>If 成員 who has already joined club appears，it will be 自動轉換至螢光棒.<br>*轉換後的 螢光棒 will be added directly without going through presents.<br>*If you have reached possession limit為螢光棒，you will 獲得 them as present.<br>* 數量的螢光棒 獲得 varies depending on 稀有度的成員.<br>・UR: 500 pieces<br>・SR: 50 pieces<br>・R: 20 pieces,224032003
7110002,SIF Data Link Bonus 票券 招募,SIF Data Link Bonus 票券 招募中登場的成員皆為 R 以上稀有度。<br>10 招募 可以進行透過使用 10x 招募券 [SIF Data Link Bonus]與保證至少1位 成員的稀有度 SR 或 above.<br><br>如果招募到已獲得的成員，將自動轉換為螢光棒。<br>*轉換後的 螢光棒 are directly added至你的道具 而不是送至 你的禮物盒.<br>*If you have already reached 道具 limit為螢光棒，they will be sent至禮物盒.<br>*獲得的螢光棒數量會依成員稀有度而定。<br>- UR: 500<br>- SR: 50<br>- R: 20<br><br>此外，將依登場成員數獲得招募 Points [Release Celebration]。<br>招募 Points 獲得 can be exchanged為成員，道具，與 more at 交換 商店.,223043003
7110003,SIFAS Data Link Bonus 票券 招募,SIFAS Data Link Bonus 票券 招募中登場的成員皆為 R 以上稀有度。<br>10 招募 可以進行透過使用 10x 招募券 [SIFAS Data Link Bonus]與保證至少1位 成員的稀有度 SR 或 above.<br><br>如果招募到已獲得的成員，將自動轉換為螢光棒。<br>*轉換後的 螢光棒 are directly added至你的道具 而不是送至 你的禮物盒.<br>*If you have already reached 道具 limit為螢光棒，they will be sent至禮物盒.<br>*獲得的螢光棒數量會依成員稀有度而定。<br>- UR: 500<br>- SR: 50<br>- R: 20<br><br>此外，將依登場成員數獲得招募 Points [Release Celebration]。<br>招募 Points 獲得 can be exchanged為成員，道具，與 more at 交換 商店.,223071202
8110001,道具 招募,"曜 can perform 道具 招募1次 each day.<br>道具 招募 are reset at midnight every day.<br><br>In 道具 招募，你可以obtain ten的following 道具 at 隨機:<br>- 螢光棒 x10<br>- LP Candy (S) x1<br>- 練習 Notebooks (S) x20<br>- 練習 Notebooks (M) x8<br>- 練習 Notebook (L) x1<br>- 技能筆記 (S) x18<br>- 技能筆記 (M) x3<br>- 35,000 Gold",1
8110002,道具 招募,"曜 can perform 道具 招募1次 each day.<br>道具 招募 are reset at midnight every day.<br><br>In 道具 招募，你可以obtain ten的following 道具 at 隨機:<br>- 螢光棒 x10<br>- LP Candy (S) x1<br>- 練習 Notebooks (S) x20<br>- 練習 Notebooks (M) x8<br>- 練習 Notebook (L) x1<br>- 技能筆記 (S) x18<br>- 技能筆記 (M) x3<br>- 35,000 Gold",223101604
8110004,道具 招募,"曜 can perform 道具 招募1次 each day.<br>道具 招募 are reset at midnight every day.<br><br>In 道具 招募，你可以obtain ten的following 道具 at 隨機:<br>- 螢光棒 x10<br>- LP Candy (S) x1<br>- 練習 Notebooks (S) x20<br>- 練習 Notebooks (M) x8<br>- 練習 Notebook (L) x1<br>- 技能筆記 (S) x18<br>- 技能筆記 (M) x3<br>- 35,000 Gold",224010108
8110005,道具 招募,"曜 can perform 道具 招募1次 each day.<br>道具 招募 are reset at midnight every day.<br><br>In 道具 招募，你可以obtain ten的following 道具 at 隨機:<br>- 螢光棒 x10<br>- LP Candy (S) x1<br>- 練習 Notebooks (S) x20<br>- 練習 Notebooks (M) x8<br>- 練習 Notebook (L) x1<br>- 技能筆記 (S) x18<br>- 技能筆記 (M) x3<br>- 35,000 Gold",224020106
8110006,道具 招募,"曜 can perform 道具 招募1次 each day.<br>道具 招募 are reset at midnight every day.<br><br>In 道具 招募，你可以obtain ten的following 道具 at 隨機:<br>- 螢光棒 x10<br>- LP Candy (S) x1<br>- 練習 Notebooks (S) x20<br>- 練習 Notebooks (M) x8<br>- 練習 Notebook (L) x1<br>- 技能筆記 (S) x18<br>- 技能筆記 (M) x3<br>- 35,000 Gold",224030121
9110001,Tutorial 招募: 高坂穗乃果,Tutorial 招募: 高坂穗乃果中登場的成員皆為 R 以上稀有度。<br>10 招募 可以進行為free與guaranteed UR 成員，高坂穗乃果: Blossoms於Bloom.,1
9110002,Tutorial 招募: 絢瀨繪里,Tutorial 招募: 絢瀨繪里中登場的成員皆為 R 以上稀有度。<br>10 招募 可以進行為free與guaranteed UR 成員，絢瀨繪里: Evening 學生 Council Room.,1
9110003,Tutorial 招募: 南小鳥,Tutorial 招募: 南小鳥中登場的成員皆為 R 以上稀有度。<br>10 招募 可以進行為free與guaranteed UR 成員，南小鳥: 歡迎光臨♪.,1
9110004,Tutorial 招募: 園田海未,Tutorial 招募: 園田海未中登場的成員皆為 R 以上稀有度。<br>10 招募 可以進行為free與guaranteed UR 成員，園田海未: 通往無心.,1
9110005,Tutorial 招募: 星空凜,Tutorial 招募: 星空凜中登場的成員皆為 R 以上稀有度。<br>10 招募 可以進行為free與guaranteed UR 成員，星空凜: 閃耀的屋頂.,1
9110006,Tutorial 招募: 西木野真姬,Tutorial 招募: 西木野真姬中登場的成員皆為 R 以上稀有度。<br>10 招募 可以進行為free與guaranteed UR 成員，西木野真姬: 隔著手機的羞澀.,1
9110007,Tutorial 招募: 東條希,Tutorial 招募: 東條希中登場的成員皆為 R 以上稀有度。<br>10 招募 可以進行為free與guaranteed UR 成員，東條希: Rain的Light.,1
9110008,Tutorial 招募: 小泉花陽,Tutorial 招募: 小泉花陽中登場的成員皆為 R 以上稀有度。<br>10 招募 可以進行為free與guaranteed UR 成員，小泉花陽: Feelings為µ's.,1
9110009,Tutorial 招募: 矢澤妮可,Tutorial 招募: 矢澤妮可中登場的成員皆為 R 以上稀有度。<br>10 招募 可以進行為free與guaranteed UR 成員，矢澤妮可: Welcome Lecture.,1
9110010,Tutorial 招募: 高海千歌,Tutorial 招募: 高海千歌中登場的成員皆為 R 以上稀有度。<br>10 招募 可以進行為free與guaranteed UR 成員，高海千歌: 練習後邊走邊聊.,1
9110011,Tutorial 招募: 櫻內梨子,Tutorial 招募: 櫻內梨子中登場的成員皆為 R 以上稀有度。<br>10 招募 可以進行為free與guaranteed UR 成員，櫻內梨子: 三重奏旋律.,1
9110012,Tutorial 招募: 松浦果南,Tutorial 招募: 松浦果南中登場的成員皆為 R 以上稀有度。<br>10 招募 可以進行為free與guaranteed UR 成員，松浦果南: 撫過臉頰的海風.,1
9110013,Tutorial 招募: 黑澤黛雅,Tutorial 招募: 黑澤黛雅中登場的成員皆為 R 以上稀有度。<br>10 招募 可以進行為free與guaranteed UR 成員，黑澤黛雅: 姉的日課.,1
9110014,Tutorial 招募: 渡邊曜,Tutorial 招募: 渡邊曜中登場的成員皆為 R 以上稀有度。<br>10 招募 可以進行為free與guaranteed UR 成員，渡邊曜: 閃耀的水面.,1
9110015,Tutorial 招募: 津島善子,Tutorial 招募: 津島善子中登場的成員皆為 R 以上稀有度。<br>10 招募 可以進行為free與guaranteed UR 成員，津島善子: 墮天使猜拳.,1
9110016,Tutorial 招募: 國木田花丸,Tutorial 招募: 國木田花丸中登場的成員皆為 R 以上稀有度。<br>10 招募 可以進行為free與guaranteed UR 成員，國木田花丸: 午餐之後.,1
9110017,Tutorial 招募: 小原鞠莉,Tutorial 招募: 小原鞠莉中登場的成員皆為 R 以上稀有度。<br>10 招募 可以進行為free與guaranteed UR 成員，小原鞠莉: 風光芒明媚.,1
9110018,Tutorial 招募: 黑澤露比,Tutorial 招募: 黑澤露比中登場的成員皆為 R 以上稀有度。<br>10 招募 可以進行為free與guaranteed UR 成員，黑澤露比: 貪睡鬼.,1
9110019,Tutorial 招募: 上原步夢,Tutorial 招募: 上原步夢中登場的成員皆為 R 以上稀有度。<br>10 招募 可以進行為free與guaranteed UR 成員，上原步夢: Right 下一步至曜.,1
9110020,Tutorial 招募: 中須霞,Tutorial 招募: 中須霞中登場的成員皆為 R 以上稀有度。<br>10 招募 可以進行為free與guaranteed UR 成員，中須霞: 彩虹餐包.,1
9110021,Tutorial 招募: 櫻坂雫,Tutorial 招募: 櫻坂雫中登場的成員皆為 R 以上稀有度。<br>10 招募 可以進行為free與guaranteed UR 成員，櫻坂雫: 真實的自己.,1
9110022,Tutorial 招募: 朝香果林,Tutorial 招募: 朝香果林中登場的成員皆為 R 以上稀有度。<br>10 招募 可以進行為free與guaranteed UR 成員，朝香果林: In Pursuit的Quality.,1
9110023,Tutorial 招募: 宮下愛,Tutorial 招募: 宮下愛中登場的成員皆為 R 以上稀有度。<br>10 招募 可以進行為free與guaranteed UR 成員，宮下愛: Change的Pace.,1
9110024,Tutorial 招募: 近江彼方,Tutorial 招募: 近江彼方中登場的成員皆為 R 以上稀有度。<br>10 招募 可以進行為free與guaranteed UR 成員，近江彼方: Sisterly Meal.,1
9110025,Tutorial 招募: 優木雪菜,Tutorial 招募: 優木雪菜中登場的成員皆為 R 以上稀有度。<br>10 招募 可以進行為free與guaranteed UR 成員，優木雪菜: 想傳達『最喜歡』！.,1
9110026,Tutorial 招募: 艾瑪・維爾德,Tutorial 招募: 艾瑪・維爾德中登場的成員皆為 R 以上稀有度。<br>10 招募 可以進行為free與guaranteed UR 成員，艾瑪・維爾德: Gentle Sunshine 篩選 In.,1
9110027,Tutorial 招募: 天王寺璃奈,Tutorial 招募: 天王寺璃奈中登場的成員皆為 R 以上稀有度。<br>10 招募 可以進行為free與guaranteed UR 成員，天王寺璃奈: Cat-Walker Extraordinaire.,1
9110028,Tutorial 招募: 三船栞子,Tutorial 招募: 三船栞子中登場的成員皆為 R 以上稀有度。<br>10 招募 可以進行為free與guaranteed UR 成員，三船栞子: 唯有精進.,1
9110029,Tutorial 招募: 米雅・泰勒,Tutorial 招募: 米雅・泰勒中登場的成員皆為 R 以上稀有度。<br>10 招募 可以進行為free與guaranteed UR 成員，米雅・泰勒: 渾身的作曲.,1
9110030,Tutorial 招募: 鐘嵐珠,Tutorial 招募: 鐘嵐珠中登場的成員皆為 R 以上稀有度。<br>10 招募 可以進行為free與guaranteed UR 成員，鐘嵐珠: Friends與Rivals.,1
9110031,Tutorial 招募: 澀谷香音,Tutorial 招募: 澀谷香音中登場的成員皆為 R 以上稀有度。<br>10 招募 可以進行為free與guaranteed UR 成員，澀谷香音: 心意胸.,1
9110032,Tutorial 招募: 唐可可,Tutorial 招募: 唐可可中登場的成員皆為 R 以上稀有度。<br>10 招募 可以進行為free與guaranteed UR 成員，唐可可: 服裝造型師.,1
9110033,Tutorial 招募: 嵐千砂都,Tutorial 招募: 嵐千砂都中登場的成員皆為 R 以上稀有度。<br>10 招募 可以進行為free與guaranteed UR 成員，嵐千砂都: 前輩的舞步.,1
9110034,Tutorial 招募: 平安名堇,Tutorial 招募: 平安名堇中登場的成員皆為 R 以上稀有度。<br>10 招募 可以進行為free與guaranteed UR 成員，平安名堇: 雙臂滿滿.,1
9110035,Tutorial 招募: 葉月戀,Tutorial 招募: 葉月戀中登場的成員皆為 R 以上稀有度。<br>10 招募 可以進行為free與guaranteed UR 成員，葉月戀: 母親留下的結丘.,1
9110036,Tutorial 招募: 櫻小路希奈子,Tutorial 招募: 櫻小路希奈子中登場的成員皆為 R 以上稀有度。<br>10 招募 可以進行為free與guaranteed UR 成員，櫻小路希奈子: 地上 230 公尺.,1
9110037,Tutorial 招募: 米女芽衣,Tutorial 招募: 米女芽衣中登場的成員皆為 R 以上稀有度。<br>10 招募 可以進行為free與guaranteed UR 成員，米女芽衣: 即將完成.,1
9110038,Tutorial 招募: 若菜四季,Tutorial 招募: 若菜四季中登場的成員皆為 R 以上稀有度。<br>10 招募 可以進行為free與guaranteed UR 成員，若菜四季: 放課後的科學室.,1
9110039,Tutorial 招募: 鬼塚夏美,Tutorial 招募: 鬼塚夏美中登場的成員皆為 R 以上稀有度。<br>10 招募 可以進行為free與guaranteed UR 成員，鬼塚夏美: OniNatsu 演唱會 Stream!.,1
7110101,Global Launch SP 招募 ~Set 1~,"Global Launch SP 招募 ~Set 1~中登場的成員皆為 R 以上稀有度。<br>可使用300個愛心寶石進行1次招募。<br>可使用3,000個愛心寶石進行10次招募，並保證至少獲得1位SR以上成員。<br>每天僅可使用150個付費愛心寶石進行1次付費招募。<br><br>如果招募到已獲得的成員，將自動轉換為螢光棒。<br>*轉換後的螢光棒會直接加入道具，不會送至禮物箱。<br>*如果螢光棒已達持有上限，將會送至禮物箱。<br>*獲得的螢光棒數量會依成員稀有度而定。<br>- UR: 500<br>- SR: 50<br>- R: 20<br><br>此外，將依登場成員數獲得招募 Points [Global Launch SP 招募 ~Set 1~]。<br>獲得的招募點數可在交換所兌換成員、道具等。<br><br>招募期間內未交換的招募點數，將在招募結束時自動轉換為技能筆記（中）。<br>*轉換後的技能筆記（中）會直接加入道具，不會送至禮物箱。<br>*如果技能筆記（中）已達持有上限，將會送至禮物箱。",924020101
7110102,Global Launch SP 招募 ~Set 2~,"Global Launch SP 招募 ~Set 2~中登場的成員皆為 R 以上稀有度。<br>可使用300個愛心寶石進行1次招募。<br>可使用3,000個愛心寶石進行10次招募，並保證至少獲得1位SR以上成員。<br>每天僅可使用150個付費愛心寶石進行1次付費招募。<br><br>如果招募到已獲得的成員，將自動轉換為螢光棒。<br>*轉換後的螢光棒會直接加入道具，不會送至禮物箱。<br>*如果螢光棒已達持有上限，將會送至禮物箱。<br>*獲得的螢光棒數量會依成員稀有度而定。<br>- UR: 500<br>- SR: 50<br>- R: 20<br><br>此外，將依登場成員數獲得招募 Points [Global Launch SP 招募 ~Set 2~]。<br>獲得的招募點數可在交換所兌換成員、道具等。<br><br>招募期間內未交換的招募點數，將在招募結束時自動轉換為技能筆記（中）。<br>*轉換後的技能筆記（中）會直接加入道具，不會送至禮物箱。<br>*如果技能筆記（中）已達持有上限，將會送至禮物箱。",924021601
7110103,[Rerun]Global Launch SP 招募 ~Set 1~,"[Rerun]Global Launch SP 招募 ~Set 1~中登場的成員皆為 R 以上稀有度。<br>可使用300個愛心寶石進行1次招募。<br>可使用3,000個愛心寶石進行10次招募，並保證至少獲得1位SR以上成員。<br>每天僅可使用150個付費愛心寶石進行1次付費招募。<br><br>如果招募到已獲得的成員，將自動轉換為螢光棒。<br>*轉換後的螢光棒會直接加入道具，不會送至禮物箱。<br>*如果螢光棒已達持有上限，將會送至禮物箱。<br>*獲得的螢光棒數量會依成員稀有度而定。<br>- UR: 500<br>- SR: 50<br>- R: 20<br><br>此外，將依登場成員數獲得招募 Points [Rerun][Global Launch SP 招募 ~Set 1~]。<br>獲得的招募點數可在交換所兌換成員、道具等。<br><br>招募期間內未交換的招募點數，將在招募結束時自動轉換為技能筆記（中）。<br>*轉換後的技能筆記（中）會直接加入道具，不會送至禮物箱。<br>*如果技能筆記（中）已達持有上限，將會送至禮物箱。",924031701
7110104,[Rerun]μ's Only！焦點招募,"[Rerun]μ's Only！焦點招募 are的稀有度 R與above that belong至μ's.<br>可使用300個愛心寶石進行1次招募。<br>可使用3,000個愛心寶石進行10次招募，並保證至少獲得1位SR以上成員。<br>每天僅可使用150個付費愛心寶石進行1次付費招募。<br><br>如果招募到已獲得的成員，將自動轉換為螢光棒。<br>*轉換後的螢光棒會直接加入道具，不會送至禮物箱。<br>*如果螢光棒已達持有上限，將會送至禮物箱。<br>*獲得的螢光棒數量會依成員稀有度而定。<br>- UR: 500<br>- SR: 50<br>- R: 20<br><br>此外，將依登場成員數獲得招募 Points [Rerun][μ's Spotlight]。<br>獲得的招募點數可在交換所兌換成員、道具等。<br><br>招募期間內未交換的招募點數，將在招募結束時自動轉換為技能筆記（中）。<br>*轉換後的技能筆記（中）會直接加入道具，不會送至禮物箱。<br>*如果技能筆記（中）已達持有上限，將會送至禮物箱。",224032501
7110105,[Rerun]Aqours Only！焦點招募,"Aqours Only！焦點招募 are的稀有度 R與above that belong至Aqours.<br>可使用300個愛心寶石進行1次招募。<br>可使用3,000個愛心寶石進行10次招募，並保證至少獲得1位SR以上成員。<br>每天僅可使用150個付費愛心寶石進行1次付費招募。<br><br>如果招募到已獲得的成員，將自動轉換為螢光棒。<br>*轉換後的螢光棒會直接加入道具，不會送至禮物箱。<br>*如果螢光棒已達持有上限，將會送至禮物箱。<br>*獲得的螢光棒數量會依成員稀有度而定。<br>- UR: 500<br>- SR: 50<br>- R: 20<br><br>此外，將依登場成員數獲得招募 Points [Aqours Spotlight]。<br>獲得的招募點數可在交換所兌換成員、道具等。<br><br>招募期間內未交換的招募點數，將在招募結束時自動轉換為技能筆記（中）。<br>*轉換後的技能筆記（中）會直接加入道具，不會送至禮物箱。<br>*如果技能筆記（中）已達持有上限，將會送至禮物箱。",924041701
7110106,[Rerun]Global Launch SP 招募 ~Set 2~,"Global Launch SP 招募 ~Set 2~中登場的成員皆為 R 以上稀有度。<br>可使用300個愛心寶石進行1次招募。<br>可使用3,000個愛心寶石進行10次招募，並保證至少獲得1位SR以上成員。<br>每天僅可使用150個付費愛心寶石進行1次付費招募。<br><br>如果招募到已獲得的成員，將自動轉換為螢光棒。<br>*轉換後的螢光棒會直接加入道具，不會送至禮物箱。<br>*如果螢光棒已達持有上限，將會送至禮物箱。<br>*獲得的螢光棒數量會依成員稀有度而定。<br>- UR: 500<br>- SR: 50<br>- R: 20<br><br>此外，將依登場成員數獲得招募 Points [Global Launch SP 招募 ~Set 2~]。<br>獲得的招募點數可在交換所兌換成員、道具等。<br><br>招募期間內未交換的招募點數，將在招募結束時自動轉換為技能筆記（中）。<br>*轉換後的技能筆記（中）會直接加入道具，不會送至禮物箱。<br>*如果技能筆記（中）已達持有上限，將會送至禮物箱。",924042401
7110107,[Rerun]UR Guaranteed！Special 招募！,"Rerun UR Guaranteed！Special 招募！ 可以進行透過使用 3,000 付費愛心寶石與保證至少1位 UR 成員.<br><br>如果招募到已獲得的成員，將自動轉換為螢光棒。<br>*轉換後的螢光棒會直接加入道具，不會送至禮物箱。<br>*如果螢光棒已達持有上限，將會送至禮物箱。<br>*獲得的螢光棒數量會依成員稀有度而定。<br>- UR: 500<br>- SR: 50<br>- R: 20<br><br>此外，將依登場成員數獲得招募 Points [UR Guaranteed！Special 招募！]。<br>獲得的招募點數可在交換所兌換成員、道具等。<br><br>招募期間內未交換的招募點數，將在招募結束時自動轉換為技能筆記（中）。<br>*轉換後的技能筆記（中）會直接加入道具，不會送至禮物箱。<br>*如果技能筆記（中）已達持有上限，將會送至禮物箱。",924050701
7110108,[Rerun]Love 歌曲 Carnival 招募,"Rerun Love 歌曲 Carnival 招募 are 成員於虹咲的稀有度 R與above.<br>可使用300個愛心寶石進行1次招募。<br>可使用3,000個愛心寶石進行10次招募，並保證至少獲得1位SR以上成員。<br>每天僅可使用150個付費愛心寶石進行1次付費招募。<br><br>如果招募到已獲得的成員，將自動轉換為螢光棒。<br>*轉換後的螢光棒會直接加入道具，不會送至禮物箱。<br>*如果螢光棒已達持有上限，將會送至禮物箱。<br>*獲得的螢光棒數量會依成員稀有度而定。<br>- UR: 500<br>- SR: 50<br>- R: 20<br><br>此外，將依登場成員數獲得招募 Points [Rerun Love 歌曲 Carnival]。<br>獲得的招募點數可在交換所兌換成員、道具等。<br><br>招募期間內未交換的招募點數，將在招募結束時自動轉換為技能筆記（中）。<br>*轉換後的技能筆記（中）會直接加入道具，不會送至禮物箱。<br>*如果技能筆記（中）已達持有上限，將會送至禮物箱。",924052401
